-- ============================================================
-- FILE: 08_SeedData.sql
-- MUC DICH: Tong hop cac lenh INSERT du lieu mau (Seed Data) cho toan bo database.
-- ============================================================
SET SERVEROUTPUT ON;
SET DEFINE OFF;
DECLARE
    -- Mang luu ID de dung cho viec map FK
    TYPE t_arr IS TABLE OF VARCHAR2(10) INDEX BY PLS_INTEGER;
    v_tk_admin t_arr;
    v_tk_dieuhanh t_arr;
    v_tk_tnv t_arr;
    v_cd_ids t_arr;
    v_dt_ids t_arr;
    v_loai_ids t_arr;
    v_tg_ids t_arr;
    v_cv_ids t_arr;
    v_pc_ids t_arr;
    
    v_tmp VARCHAR2(10);
    v_tmp2 VARCHAR2(10);
BEGIN
    DBMS_OUTPUT.PUT_LINE('Bat dau tao Seed Data...');

    -- 0. THAM SO HE THONG (Phai insert truoc vi Triggers va Functions phu thuoc)
    INSERT INTO ThamSo(TenThamSo, GiaTri, GhiChu) VALUES ('TUOI_TOI_THIEU', '16', 'Tuoi toi thieu de tham gia tinh nguyen');
    INSERT INTO ThamSo(TenThamSo, GiaTri, GhiChu) VALUES ('SO_NHIEM_VU_TOI_DA', '5', 'So nhiem vu toi da 1 TNV duoc nhan cung luc');
    INSERT INTO ThamSo(TenThamSo, GiaTri, GhiChu) VALUES ('GIO_CONG_MAC_DINH', '8', 'So gio toi thieu mac dinh de nhan chung nhan');
    INSERT INTO ThamSo(TenThamSo, GiaTri, GhiChu) VALUES ('DIEM_XUAT_SAC', '9', 'Nguong diem xep loai Xuat Sac');
    INSERT INTO ThamSo(TenThamSo, GiaTri, GhiChu) VALUES ('GIO_XUAT_SAC', '40', 'Nguong gio xep loai Xuat Sac');
    INSERT INTO ThamSo(TenThamSo, GiaTri, GhiChu) VALUES ('DIEM_TOT', '7', 'Nguong diem xep loai Tot');
    INSERT INTO ThamSo(TenThamSo, GiaTri, GhiChu) VALUES ('GIO_TOT', '30', 'Nguong gio xep loai Tot');
    INSERT INTO ThamSo(TenThamSo, GiaTri, GhiChu) VALUES ('DIEM_KHA', '5', 'Nguong diem xep loai Kha');
    INSERT INTO ThamSo(TenThamSo, GiaTri, GhiChu) VALUES ('GIO_KHA', '20', 'Nguong gio xep loai Kha');
    INSERT INTO ThamSo(TenThamSo, GiaTri, GhiChu) VALUES ('NGUONG_TON_KHO_CANH_BAO', '10', 'Nguong canh bao ton kho thap');
    DBMS_OUTPUT.PUT_LINE('>> Da insert ThamSo.');

    -- Disable cac triggers nghiep vu de insert du lieu mau (ngay qua khu, trung lich, ...)
    EXECUTE IMMEDIATE 'ALTER TRIGGER TRG_KIEMTRA_THOIGIAN DISABLE';
    EXECUTE IMMEDIATE 'ALTER TRIGGER TRG_KIEMTRA_TRUNG_LICH DISABLE';
    EXECUTE IMMEDIATE 'ALTER TRIGGER TRG_KIEMTRA_SOLUONG_DANGKY DISABLE';
    DBMS_OUTPUT.PUT_LINE('>> Da disable triggers nghiep vu de insert seed data.');

    -- 1. TAI KHOAN QUAN TRI (Ban Quan Ly - 2 User)
    INSERT INTO TaiKhoan(TenDangNhap, MatKhau, Email, VaiTro, TrangThai) VALUES ('admin01', '123456', 'admin01@vnuhcm.edu.vn', 'BanQuanLy', 'HoatDong') RETURNING MaTaiKhoan INTO v_tmp;
    v_tk_admin(1) := v_tmp;
    INSERT INTO HoSoSinhVien(MaTaiKhoan, HoTen, MSSV, NgaySinh, GioiTinh, Khoa, Lop, SoDienThoai, DiaChi) VALUES (v_tmp, 'Admin User 01', 'AD001', DATE '1995-01-01', 'Nam', 'Quan Tri', 'Admin', '0901234561', 'TP.HCM');
    INSERT INTO TaiKhoan(TenDangNhap, MatKhau, Email, VaiTro, TrangThai) VALUES ('admin02', '123456', 'admin02@vnuhcm.edu.vn', 'BanQuanLy', 'HoatDong') RETURNING MaTaiKhoan INTO v_tmp;
    v_tk_admin(2) := v_tmp;
    INSERT INTO HoSoSinhVien(MaTaiKhoan, HoTen, MSSV, NgaySinh, GioiTinh, Khoa, Lop, SoDienThoai, DiaChi) VALUES (v_tmp, 'Admin User 02', 'AD002', DATE '1995-01-01', 'Nam', 'Quan Tri', 'Admin', '0901234562', 'TP.HCM');

    -- 2. TAI KHOAN BAN DIEU HANH (20 User - Dieu hanh chien dich 1-to-1)
    INSERT INTO TaiKhoan(TenDangNhap, MatKhau, Email, VaiTro, TrangThai) VALUES ('dieuhanh01', '123456', 'dieuhanh01@vnuhcm.edu.vn', 'BanDieuHanh', 'HoatDong') RETURNING MaTaiKhoan INTO v_tmp;
    v_tk_dieuhanh(1) := v_tmp;
    INSERT INTO HoSoSinhVien(MaTaiKhoan, HoTen, MSSV, NgaySinh, GioiTinh, Khoa, Lop, SoDienThoai, DiaChi) VALUES (v_tmp, 'Dieu Hanh Vien 01', 'DH001', DATE '1998-01-01', 'Nu', 'Hoi Sinh Vien', 'BCH', '0909876501', 'TP.HCM');
    INSERT INTO TaiKhoan(TenDangNhap, MatKhau, Email, VaiTro, TrangThai) VALUES ('dieuhanh02', '123456', 'dieuhanh02@vnuhcm.edu.vn', 'BanDieuHanh', 'HoatDong') RETURNING MaTaiKhoan INTO v_tmp;
    v_tk_dieuhanh(2) := v_tmp;
    INSERT INTO HoSoSinhVien(MaTaiKhoan, HoTen, MSSV, NgaySinh, GioiTinh, Khoa, Lop, SoDienThoai, DiaChi) VALUES (v_tmp, 'Dieu Hanh Vien 02', 'DH002', DATE '1998-01-01', 'Nu', 'Hoi Sinh Vien', 'BCH', '0909876502', 'TP.HCM');
    INSERT INTO TaiKhoan(TenDangNhap, MatKhau, Email, VaiTro, TrangThai) VALUES ('dieuhanh03', '123456', 'dieuhanh03@vnuhcm.edu.vn', 'BanDieuHanh', 'HoatDong') RETURNING MaTaiKhoan INTO v_tmp;
    v_tk_dieuhanh(3) := v_tmp;
    INSERT INTO HoSoSinhVien(MaTaiKhoan, HoTen, MSSV, NgaySinh, GioiTinh, Khoa, Lop, SoDienThoai, DiaChi) VALUES (v_tmp, 'Dieu Hanh Vien 03', 'DH003', DATE '1998-01-01', 'Nu', 'Hoi Sinh Vien', 'BCH', '0909876503', 'TP.HCM');
    INSERT INTO TaiKhoan(TenDangNhap, MatKhau, Email, VaiTro, TrangThai) VALUES ('dieuhanh04', '123456', 'dieuhanh04@vnuhcm.edu.vn', 'BanDieuHanh', 'HoatDong') RETURNING MaTaiKhoan INTO v_tmp;
    v_tk_dieuhanh(4) := v_tmp;
    INSERT INTO HoSoSinhVien(MaTaiKhoan, HoTen, MSSV, NgaySinh, GioiTinh, Khoa, Lop, SoDienThoai, DiaChi) VALUES (v_tmp, 'Dieu Hanh Vien 04', 'DH004', DATE '1998-01-01', 'Nu', 'Hoi Sinh Vien', 'BCH', '0909876504', 'TP.HCM');
    INSERT INTO TaiKhoan(TenDangNhap, MatKhau, Email, VaiTro, TrangThai) VALUES ('dieuhanh05', '123456', 'dieuhanh05@vnuhcm.edu.vn', 'BanDieuHanh', 'HoatDong') RETURNING MaTaiKhoan INTO v_tmp;
    v_tk_dieuhanh(5) := v_tmp;
    INSERT INTO HoSoSinhVien(MaTaiKhoan, HoTen, MSSV, NgaySinh, GioiTinh, Khoa, Lop, SoDienThoai, DiaChi) VALUES (v_tmp, 'Dieu Hanh Vien 05', 'DH005', DATE '1998-01-01', 'Nu', 'Hoi Sinh Vien', 'BCH', '0909876505', 'TP.HCM');
    INSERT INTO TaiKhoan(TenDangNhap, MatKhau, Email, VaiTro, TrangThai) VALUES ('dieuhanh06', '123456', 'dieuhanh06@vnuhcm.edu.vn', 'BanDieuHanh', 'HoatDong') RETURNING MaTaiKhoan INTO v_tmp;
    v_tk_dieuhanh(6) := v_tmp;
    INSERT INTO HoSoSinhVien(MaTaiKhoan, HoTen, MSSV, NgaySinh, GioiTinh, Khoa, Lop, SoDienThoai, DiaChi) VALUES (v_tmp, 'Dieu Hanh Vien 06', 'DH006', DATE '1998-01-01', 'Nu', 'Hoi Sinh Vien', 'BCH', '0909876506', 'TP.HCM');
    INSERT INTO TaiKhoan(TenDangNhap, MatKhau, Email, VaiTro, TrangThai) VALUES ('dieuhanh07', '123456', 'dieuhanh07@vnuhcm.edu.vn', 'BanDieuHanh', 'HoatDong') RETURNING MaTaiKhoan INTO v_tmp;
    v_tk_dieuhanh(7) := v_tmp;
    INSERT INTO HoSoSinhVien(MaTaiKhoan, HoTen, MSSV, NgaySinh, GioiTinh, Khoa, Lop, SoDienThoai, DiaChi) VALUES (v_tmp, 'Dieu Hanh Vien 07', 'DH007', DATE '1998-01-01', 'Nu', 'Hoi Sinh Vien', 'BCH', '0909876507', 'TP.HCM');
    INSERT INTO TaiKhoan(TenDangNhap, MatKhau, Email, VaiTro, TrangThai) VALUES ('dieuhanh08', '123456', 'dieuhanh08@vnuhcm.edu.vn', 'BanDieuHanh', 'HoatDong') RETURNING MaTaiKhoan INTO v_tmp;
    v_tk_dieuhanh(8) := v_tmp;
    INSERT INTO HoSoSinhVien(MaTaiKhoan, HoTen, MSSV, NgaySinh, GioiTinh, Khoa, Lop, SoDienThoai, DiaChi) VALUES (v_tmp, 'Dieu Hanh Vien 08', 'DH008', DATE '1998-01-01', 'Nu', 'Hoi Sinh Vien', 'BCH', '0909876508', 'TP.HCM');
    INSERT INTO TaiKhoan(TenDangNhap, MatKhau, Email, VaiTro, TrangThai) VALUES ('dieuhanh09', '123456', 'dieuhanh09@vnuhcm.edu.vn', 'BanDieuHanh', 'HoatDong') RETURNING MaTaiKhoan INTO v_tmp;
    v_tk_dieuhanh(9) := v_tmp;
    INSERT INTO HoSoSinhVien(MaTaiKhoan, HoTen, MSSV, NgaySinh, GioiTinh, Khoa, Lop, SoDienThoai, DiaChi) VALUES (v_tmp, 'Dieu Hanh Vien 09', 'DH009', DATE '1998-01-01', 'Nu', 'Hoi Sinh Vien', 'BCH', '0909876509', 'TP.HCM');
    INSERT INTO TaiKhoan(TenDangNhap, MatKhau, Email, VaiTro, TrangThai) VALUES ('dieuhanh10', '123456', 'dieuhanh10@vnuhcm.edu.vn', 'BanDieuHanh', 'HoatDong') RETURNING MaTaiKhoan INTO v_tmp;
    v_tk_dieuhanh(10) := v_tmp;
    INSERT INTO HoSoSinhVien(MaTaiKhoan, HoTen, MSSV, NgaySinh, GioiTinh, Khoa, Lop, SoDienThoai, DiaChi) VALUES (v_tmp, 'Dieu Hanh Vien 10', 'DH010', DATE '1998-01-01', 'Nu', 'Hoi Sinh Vien', 'BCH', '0909876510', 'TP.HCM');
    INSERT INTO TaiKhoan(TenDangNhap, MatKhau, Email, VaiTro, TrangThai) VALUES ('dieuhanh11', '123456', 'dieuhanh11@vnuhcm.edu.vn', 'BanDieuHanh', 'HoatDong') RETURNING MaTaiKhoan INTO v_tmp;
    v_tk_dieuhanh(11) := v_tmp;
    INSERT INTO HoSoSinhVien(MaTaiKhoan, HoTen, MSSV, NgaySinh, GioiTinh, Khoa, Lop, SoDienThoai, DiaChi) VALUES (v_tmp, 'Dieu Hanh Vien 11', 'DH011', DATE '1998-01-01', 'Nu', 'Hoi Sinh Vien', 'BCH', '0909876511', 'TP.HCM');
    INSERT INTO TaiKhoan(TenDangNhap, MatKhau, Email, VaiTro, TrangThai) VALUES ('dieuhanh12', '123456', 'dieuhanh12@vnuhcm.edu.vn', 'BanDieuHanh', 'HoatDong') RETURNING MaTaiKhoan INTO v_tmp;
    v_tk_dieuhanh(12) := v_tmp;
    INSERT INTO HoSoSinhVien(MaTaiKhoan, HoTen, MSSV, NgaySinh, GioiTinh, Khoa, Lop, SoDienThoai, DiaChi) VALUES (v_tmp, 'Dieu Hanh Vien 12', 'DH012', DATE '1998-01-01', 'Nu', 'Hoi Sinh Vien', 'BCH', '0909876512', 'TP.HCM');
    INSERT INTO TaiKhoan(TenDangNhap, MatKhau, Email, VaiTro, TrangThai) VALUES ('dieuhanh13', '123456', 'dieuhanh13@vnuhcm.edu.vn', 'BanDieuHanh', 'HoatDong') RETURNING MaTaiKhoan INTO v_tmp;
    v_tk_dieuhanh(13) := v_tmp;
    INSERT INTO HoSoSinhVien(MaTaiKhoan, HoTen, MSSV, NgaySinh, GioiTinh, Khoa, Lop, SoDienThoai, DiaChi) VALUES (v_tmp, 'Dieu Hanh Vien 13', 'DH013', DATE '1998-01-01', 'Nu', 'Hoi Sinh Vien', 'BCH', '0909876513', 'TP.HCM');
    INSERT INTO TaiKhoan(TenDangNhap, MatKhau, Email, VaiTro, TrangThai) VALUES ('dieuhanh14', '123456', 'dieuhanh14@vnuhcm.edu.vn', 'BanDieuHanh', 'HoatDong') RETURNING MaTaiKhoan INTO v_tmp;
    v_tk_dieuhanh(14) := v_tmp;
    INSERT INTO HoSoSinhVien(MaTaiKhoan, HoTen, MSSV, NgaySinh, GioiTinh, Khoa, Lop, SoDienThoai, DiaChi) VALUES (v_tmp, 'Dieu Hanh Vien 14', 'DH014', DATE '1998-01-01', 'Nu', 'Hoi Sinh Vien', 'BCH', '0909876514', 'TP.HCM');
    INSERT INTO TaiKhoan(TenDangNhap, MatKhau, Email, VaiTro, TrangThai) VALUES ('dieuhanh15', '123456', 'dieuhanh15@vnuhcm.edu.vn', 'BanDieuHanh', 'HoatDong') RETURNING MaTaiKhoan INTO v_tmp;
    v_tk_dieuhanh(15) := v_tmp;
    INSERT INTO HoSoSinhVien(MaTaiKhoan, HoTen, MSSV, NgaySinh, GioiTinh, Khoa, Lop, SoDienThoai, DiaChi) VALUES (v_tmp, 'Dieu Hanh Vien 15', 'DH015', DATE '1998-01-01', 'Nu', 'Hoi Sinh Vien', 'BCH', '0909876515', 'TP.HCM');
    INSERT INTO TaiKhoan(TenDangNhap, MatKhau, Email, VaiTro, TrangThai) VALUES ('dieuhanh16', '123456', 'dieuhanh16@vnuhcm.edu.vn', 'BanDieuHanh', 'HoatDong') RETURNING MaTaiKhoan INTO v_tmp;
    v_tk_dieuhanh(16) := v_tmp;
    INSERT INTO HoSoSinhVien(MaTaiKhoan, HoTen, MSSV, NgaySinh, GioiTinh, Khoa, Lop, SoDienThoai, DiaChi) VALUES (v_tmp, 'Dieu Hanh Vien 16', 'DH016', DATE '1998-01-01', 'Nu', 'Hoi Sinh Vien', 'BCH', '0909876516', 'TP.HCM');
    INSERT INTO TaiKhoan(TenDangNhap, MatKhau, Email, VaiTro, TrangThai) VALUES ('dieuhanh17', '123456', 'dieuhanh17@vnuhcm.edu.vn', 'BanDieuHanh', 'HoatDong') RETURNING MaTaiKhoan INTO v_tmp;
    v_tk_dieuhanh(17) := v_tmp;
    INSERT INTO HoSoSinhVien(MaTaiKhoan, HoTen, MSSV, NgaySinh, GioiTinh, Khoa, Lop, SoDienThoai, DiaChi) VALUES (v_tmp, 'Dieu Hanh Vien 17', 'DH017', DATE '1998-01-01', 'Nu', 'Hoi Sinh Vien', 'BCH', '0909876517', 'TP.HCM');
    INSERT INTO TaiKhoan(TenDangNhap, MatKhau, Email, VaiTro, TrangThai) VALUES ('dieuhanh18', '123456', 'dieuhanh18@vnuhcm.edu.vn', 'BanDieuHanh', 'HoatDong') RETURNING MaTaiKhoan INTO v_tmp;
    v_tk_dieuhanh(18) := v_tmp;
    INSERT INTO HoSoSinhVien(MaTaiKhoan, HoTen, MSSV, NgaySinh, GioiTinh, Khoa, Lop, SoDienThoai, DiaChi) VALUES (v_tmp, 'Dieu Hanh Vien 18', 'DH018', DATE '1998-01-01', 'Nu', 'Hoi Sinh Vien', 'BCH', '0909876518', 'TP.HCM');
    INSERT INTO TaiKhoan(TenDangNhap, MatKhau, Email, VaiTro, TrangThai) VALUES ('dieuhanh19', '123456', 'dieuhanh19@vnuhcm.edu.vn', 'BanDieuHanh', 'HoatDong') RETURNING MaTaiKhoan INTO v_tmp;
    v_tk_dieuhanh(19) := v_tmp;
    INSERT INTO HoSoSinhVien(MaTaiKhoan, HoTen, MSSV, NgaySinh, GioiTinh, Khoa, Lop, SoDienThoai, DiaChi) VALUES (v_tmp, 'Dieu Hanh Vien 19', 'DH019', DATE '1998-01-01', 'Nu', 'Hoi Sinh Vien', 'BCH', '0909876519', 'TP.HCM');
    INSERT INTO TaiKhoan(TenDangNhap, MatKhau, Email, VaiTro, TrangThai) VALUES ('dieuhanh20', '123456', 'dieuhanh20@vnuhcm.edu.vn', 'BanDieuHanh', 'HoatDong') RETURNING MaTaiKhoan INTO v_tmp;
    v_tk_dieuhanh(20) := v_tmp;
    INSERT INTO HoSoSinhVien(MaTaiKhoan, HoTen, MSSV, NgaySinh, GioiTinh, Khoa, Lop, SoDienThoai, DiaChi) VALUES (v_tmp, 'Dieu Hanh Vien 20', 'DH020', DATE '1998-01-01', 'Nu', 'Hoi Sinh Vien', 'BCH', '0909876520', 'TP.HCM');

    -- 3. TAI KHOAN TINH NGUYEN VIEN (50 User)
    INSERT INTO TaiKhoan(TenDangNhap, MatKhau, Email, VaiTro, TrangThai) VALUES ('22520001', '123456', '22520001@gm.uit.edu.vn', 'TinhNguyenVien', 'HoatDong') RETURNING MaTaiKhoan INTO v_tmp;
    v_tk_tnv(1) := v_tmp;
    INSERT INTO HoSoSinhVien(MaTaiKhoan, HoTen, MSSV, NgaySinh, GioiTinh, Khoa, Lop, SoDienThoai, DiaChi) VALUES (v_tmp, 'Sinh Vien Thu 1', '22520001', DATE '2004-05-15', 'Nam', 'Khoa CNTT', 'KTPM2022', '0988000001', 'KTX Khu A, DHQG-HCM');
    INSERT INTO TaiKhoan(TenDangNhap, MatKhau, Email, VaiTro, TrangThai) VALUES ('22520002', '123456', '22520002@gm.uit.edu.vn', 'TinhNguyenVien', 'HoatDong') RETURNING MaTaiKhoan INTO v_tmp;
    v_tk_tnv(2) := v_tmp;
    INSERT INTO HoSoSinhVien(MaTaiKhoan, HoTen, MSSV, NgaySinh, GioiTinh, Khoa, Lop, SoDienThoai, DiaChi) VALUES (v_tmp, 'Sinh Vien Thu 2', '22520002', DATE '2004-05-15', 'Nam', 'Khoa CNTT', 'KTPM2022', '0988000002', 'KTX Khu A, DHQG-HCM');
    INSERT INTO TaiKhoan(TenDangNhap, MatKhau, Email, VaiTro, TrangThai) VALUES ('22520003', '123456', '22520003@gm.uit.edu.vn', 'TinhNguyenVien', 'HoatDong') RETURNING MaTaiKhoan INTO v_tmp;
    v_tk_tnv(3) := v_tmp;
    INSERT INTO HoSoSinhVien(MaTaiKhoan, HoTen, MSSV, NgaySinh, GioiTinh, Khoa, Lop, SoDienThoai, DiaChi) VALUES (v_tmp, 'Sinh Vien Thu 3', '22520003', DATE '2004-05-15', 'Nu', 'Khoa CNTT', 'KTPM2022', '0988000003', 'KTX Khu A, DHQG-HCM');
    INSERT INTO TaiKhoan(TenDangNhap, MatKhau, Email, VaiTro, TrangThai) VALUES ('22520004', '123456', '22520004@gm.uit.edu.vn', 'TinhNguyenVien', 'HoatDong') RETURNING MaTaiKhoan INTO v_tmp;
    v_tk_tnv(4) := v_tmp;
    INSERT INTO HoSoSinhVien(MaTaiKhoan, HoTen, MSSV, NgaySinh, GioiTinh, Khoa, Lop, SoDienThoai, DiaChi) VALUES (v_tmp, 'Sinh Vien Thu 4', '22520004', DATE '2004-05-15', 'Nam', 'Khoa CNTT', 'KTPM2022', '0988000004', 'KTX Khu A, DHQG-HCM');
    INSERT INTO TaiKhoan(TenDangNhap, MatKhau, Email, VaiTro, TrangThai) VALUES ('22520005', '123456', '22520005@gm.uit.edu.vn', 'TinhNguyenVien', 'HoatDong') RETURNING MaTaiKhoan INTO v_tmp;
    v_tk_tnv(5) := v_tmp;
    INSERT INTO HoSoSinhVien(MaTaiKhoan, HoTen, MSSV, NgaySinh, GioiTinh, Khoa, Lop, SoDienThoai, DiaChi) VALUES (v_tmp, 'Sinh Vien Thu 5', '22520005', DATE '2004-05-15', 'Nu', 'Khoa CNTT', 'KTPM2022', '0988000005', 'KTX Khu A, DHQG-HCM');
    INSERT INTO TaiKhoan(TenDangNhap, MatKhau, Email, VaiTro, TrangThai) VALUES ('22520006', '123456', '22520006@gm.uit.edu.vn', 'TinhNguyenVien', 'HoatDong') RETURNING MaTaiKhoan INTO v_tmp;
    v_tk_tnv(6) := v_tmp;
    INSERT INTO HoSoSinhVien(MaTaiKhoan, HoTen, MSSV, NgaySinh, GioiTinh, Khoa, Lop, SoDienThoai, DiaChi) VALUES (v_tmp, 'Sinh Vien Thu 6', '22520006', DATE '2004-05-15', 'Nam', 'Khoa CNTT', 'KTPM2022', '0988000006', 'KTX Khu A, DHQG-HCM');
    INSERT INTO TaiKhoan(TenDangNhap, MatKhau, Email, VaiTro, TrangThai) VALUES ('22520007', '123456', '22520007@gm.uit.edu.vn', 'TinhNguyenVien', 'HoatDong') RETURNING MaTaiKhoan INTO v_tmp;
    v_tk_tnv(7) := v_tmp;
    INSERT INTO HoSoSinhVien(MaTaiKhoan, HoTen, MSSV, NgaySinh, GioiTinh, Khoa, Lop, SoDienThoai, DiaChi) VALUES (v_tmp, 'Sinh Vien Thu 7', '22520007', DATE '2004-05-15', 'Nu', 'Khoa CNTT', 'KTPM2022', '0988000007', 'KTX Khu A, DHQG-HCM');
    INSERT INTO TaiKhoan(TenDangNhap, MatKhau, Email, VaiTro, TrangThai) VALUES ('22520008', '123456', '22520008@gm.uit.edu.vn', 'TinhNguyenVien', 'HoatDong') RETURNING MaTaiKhoan INTO v_tmp;
    v_tk_tnv(8) := v_tmp;
    INSERT INTO HoSoSinhVien(MaTaiKhoan, HoTen, MSSV, NgaySinh, GioiTinh, Khoa, Lop, SoDienThoai, DiaChi) VALUES (v_tmp, 'Sinh Vien Thu 8', '22520008', DATE '2004-05-15', 'Nu', 'Khoa CNTT', 'KTPM2022', '0988000008', 'KTX Khu A, DHQG-HCM');
    INSERT INTO TaiKhoan(TenDangNhap, MatKhau, Email, VaiTro, TrangThai) VALUES ('22520009', '123456', '22520009@gm.uit.edu.vn', 'TinhNguyenVien', 'HoatDong') RETURNING MaTaiKhoan INTO v_tmp;
    v_tk_tnv(9) := v_tmp;
    INSERT INTO HoSoSinhVien(MaTaiKhoan, HoTen, MSSV, NgaySinh, GioiTinh, Khoa, Lop, SoDienThoai, DiaChi) VALUES (v_tmp, 'Sinh Vien Thu 9', '22520009', DATE '2004-05-15', 'Nu', 'Khoa CNTT', 'KTPM2022', '0988000009', 'KTX Khu A, DHQG-HCM');
    INSERT INTO TaiKhoan(TenDangNhap, MatKhau, Email, VaiTro, TrangThai) VALUES ('22520010', '123456', '22520010@gm.uit.edu.vn', 'TinhNguyenVien', 'HoatDong') RETURNING MaTaiKhoan INTO v_tmp;
    v_tk_tnv(10) := v_tmp;
    INSERT INTO HoSoSinhVien(MaTaiKhoan, HoTen, MSSV, NgaySinh, GioiTinh, Khoa, Lop, SoDienThoai, DiaChi) VALUES (v_tmp, 'Sinh Vien Thu 10', '22520010', DATE '2004-05-15', 'Nam', 'Khoa CNTT', 'KTPM2022', '0988000010', 'KTX Khu A, DHQG-HCM');
    INSERT INTO TaiKhoan(TenDangNhap, MatKhau, Email, VaiTro, TrangThai) VALUES ('22520011', '123456', '22520011@gm.uit.edu.vn', 'TinhNguyenVien', 'HoatDong') RETURNING MaTaiKhoan INTO v_tmp;
    v_tk_tnv(11) := v_tmp;
    INSERT INTO HoSoSinhVien(MaTaiKhoan, HoTen, MSSV, NgaySinh, GioiTinh, Khoa, Lop, SoDienThoai, DiaChi) VALUES (v_tmp, 'Sinh Vien Thu 11', '22520011', DATE '2004-05-15', 'Nu', 'Khoa CNTT', 'KTPM2022', '0988000011', 'KTX Khu A, DHQG-HCM');
    INSERT INTO TaiKhoan(TenDangNhap, MatKhau, Email, VaiTro, TrangThai) VALUES ('22520012', '123456', '22520012@gm.uit.edu.vn', 'TinhNguyenVien', 'HoatDong') RETURNING MaTaiKhoan INTO v_tmp;
    v_tk_tnv(12) := v_tmp;
    INSERT INTO HoSoSinhVien(MaTaiKhoan, HoTen, MSSV, NgaySinh, GioiTinh, Khoa, Lop, SoDienThoai, DiaChi) VALUES (v_tmp, 'Sinh Vien Thu 12', '22520012', DATE '2004-05-15', 'Nam', 'Khoa CNTT', 'KTPM2022', '0988000012', 'KTX Khu A, DHQG-HCM');
    INSERT INTO TaiKhoan(TenDangNhap, MatKhau, Email, VaiTro, TrangThai) VALUES ('22520013', '123456', '22520013@gm.uit.edu.vn', 'TinhNguyenVien', 'HoatDong') RETURNING MaTaiKhoan INTO v_tmp;
    v_tk_tnv(13) := v_tmp;
    INSERT INTO HoSoSinhVien(MaTaiKhoan, HoTen, MSSV, NgaySinh, GioiTinh, Khoa, Lop, SoDienThoai, DiaChi) VALUES (v_tmp, 'Sinh Vien Thu 13', '22520013', DATE '2004-05-15', 'Nam', 'Khoa CNTT', 'KTPM2022', '0988000013', 'KTX Khu A, DHQG-HCM');
    INSERT INTO TaiKhoan(TenDangNhap, MatKhau, Email, VaiTro, TrangThai) VALUES ('22520014', '123456', '22520014@gm.uit.edu.vn', 'TinhNguyenVien', 'HoatDong') RETURNING MaTaiKhoan INTO v_tmp;
    v_tk_tnv(14) := v_tmp;
    INSERT INTO HoSoSinhVien(MaTaiKhoan, HoTen, MSSV, NgaySinh, GioiTinh, Khoa, Lop, SoDienThoai, DiaChi) VALUES (v_tmp, 'Sinh Vien Thu 14', '22520014', DATE '2004-05-15', 'Nam', 'Khoa CNTT', 'KTPM2022', '0988000014', 'KTX Khu A, DHQG-HCM');
    INSERT INTO TaiKhoan(TenDangNhap, MatKhau, Email, VaiTro, TrangThai) VALUES ('22520015', '123456', '22520015@gm.uit.edu.vn', 'TinhNguyenVien', 'HoatDong') RETURNING MaTaiKhoan INTO v_tmp;
    v_tk_tnv(15) := v_tmp;
    INSERT INTO HoSoSinhVien(MaTaiKhoan, HoTen, MSSV, NgaySinh, GioiTinh, Khoa, Lop, SoDienThoai, DiaChi) VALUES (v_tmp, 'Sinh Vien Thu 15', '22520015', DATE '2004-05-15', 'Nam', 'Khoa CNTT', 'KTPM2022', '0988000015', 'KTX Khu A, DHQG-HCM');
    INSERT INTO TaiKhoan(TenDangNhap, MatKhau, Email, VaiTro, TrangThai) VALUES ('22520016', '123456', '22520016@gm.uit.edu.vn', 'TinhNguyenVien', 'HoatDong') RETURNING MaTaiKhoan INTO v_tmp;
    v_tk_tnv(16) := v_tmp;
    INSERT INTO HoSoSinhVien(MaTaiKhoan, HoTen, MSSV, NgaySinh, GioiTinh, Khoa, Lop, SoDienThoai, DiaChi) VALUES (v_tmp, 'Sinh Vien Thu 16', '22520016', DATE '2004-05-15', 'Nu', 'Khoa CNTT', 'KTPM2022', '0988000016', 'KTX Khu A, DHQG-HCM');
    INSERT INTO TaiKhoan(TenDangNhap, MatKhau, Email, VaiTro, TrangThai) VALUES ('22520017', '123456', '22520017@gm.uit.edu.vn', 'TinhNguyenVien', 'HoatDong') RETURNING MaTaiKhoan INTO v_tmp;
    v_tk_tnv(17) := v_tmp;
    INSERT INTO HoSoSinhVien(MaTaiKhoan, HoTen, MSSV, NgaySinh, GioiTinh, Khoa, Lop, SoDienThoai, DiaChi) VALUES (v_tmp, 'Sinh Vien Thu 17', '22520017', DATE '2004-05-15', 'Nam', 'Khoa CNTT', 'KTPM2022', '0988000017', 'KTX Khu A, DHQG-HCM');
    INSERT INTO TaiKhoan(TenDangNhap, MatKhau, Email, VaiTro, TrangThai) VALUES ('22520018', '123456', '22520018@gm.uit.edu.vn', 'TinhNguyenVien', 'HoatDong') RETURNING MaTaiKhoan INTO v_tmp;
    v_tk_tnv(18) := v_tmp;
    INSERT INTO HoSoSinhVien(MaTaiKhoan, HoTen, MSSV, NgaySinh, GioiTinh, Khoa, Lop, SoDienThoai, DiaChi) VALUES (v_tmp, 'Sinh Vien Thu 18', '22520018', DATE '2004-05-15', 'Nam', 'Khoa CNTT', 'KTPM2022', '0988000018', 'KTX Khu A, DHQG-HCM');
    INSERT INTO TaiKhoan(TenDangNhap, MatKhau, Email, VaiTro, TrangThai) VALUES ('22520019', '123456', '22520019@gm.uit.edu.vn', 'TinhNguyenVien', 'HoatDong') RETURNING MaTaiKhoan INTO v_tmp;
    v_tk_tnv(19) := v_tmp;
    INSERT INTO HoSoSinhVien(MaTaiKhoan, HoTen, MSSV, NgaySinh, GioiTinh, Khoa, Lop, SoDienThoai, DiaChi) VALUES (v_tmp, 'Sinh Vien Thu 19', '22520019', DATE '2004-05-15', 'Nu', 'Khoa CNTT', 'KTPM2022', '0988000019', 'KTX Khu A, DHQG-HCM');
    INSERT INTO TaiKhoan(TenDangNhap, MatKhau, Email, VaiTro, TrangThai) VALUES ('22520020', '123456', '22520020@gm.uit.edu.vn', 'TinhNguyenVien', 'HoatDong') RETURNING MaTaiKhoan INTO v_tmp;
    v_tk_tnv(20) := v_tmp;
    INSERT INTO HoSoSinhVien(MaTaiKhoan, HoTen, MSSV, NgaySinh, GioiTinh, Khoa, Lop, SoDienThoai, DiaChi) VALUES (v_tmp, 'Sinh Vien Thu 20', '22520020', DATE '2004-05-15', 'Nu', 'Khoa CNTT', 'KTPM2022', '0988000020', 'KTX Khu A, DHQG-HCM');
    INSERT INTO TaiKhoan(TenDangNhap, MatKhau, Email, VaiTro, TrangThai) VALUES ('22520021', '123456', '22520021@gm.uit.edu.vn', 'TinhNguyenVien', 'HoatDong') RETURNING MaTaiKhoan INTO v_tmp;
    v_tk_tnv(21) := v_tmp;
    INSERT INTO HoSoSinhVien(MaTaiKhoan, HoTen, MSSV, NgaySinh, GioiTinh, Khoa, Lop, SoDienThoai, DiaChi) VALUES (v_tmp, 'Sinh Vien Thu 21', '22520021', DATE '2004-05-15', 'Nu', 'Khoa CNTT', 'KTPM2022', '0988000021', 'KTX Khu A, DHQG-HCM');
    INSERT INTO TaiKhoan(TenDangNhap, MatKhau, Email, VaiTro, TrangThai) VALUES ('22520022', '123456', '22520022@gm.uit.edu.vn', 'TinhNguyenVien', 'HoatDong') RETURNING MaTaiKhoan INTO v_tmp;
    v_tk_tnv(22) := v_tmp;
    INSERT INTO HoSoSinhVien(MaTaiKhoan, HoTen, MSSV, NgaySinh, GioiTinh, Khoa, Lop, SoDienThoai, DiaChi) VALUES (v_tmp, 'Sinh Vien Thu 22', '22520022', DATE '2004-05-15', 'Nam', 'Khoa CNTT', 'KTPM2022', '0988000022', 'KTX Khu A, DHQG-HCM');
    INSERT INTO TaiKhoan(TenDangNhap, MatKhau, Email, VaiTro, TrangThai) VALUES ('22520023', '123456', '22520023@gm.uit.edu.vn', 'TinhNguyenVien', 'HoatDong') RETURNING MaTaiKhoan INTO v_tmp;
    v_tk_tnv(23) := v_tmp;
    INSERT INTO HoSoSinhVien(MaTaiKhoan, HoTen, MSSV, NgaySinh, GioiTinh, Khoa, Lop, SoDienThoai, DiaChi) VALUES (v_tmp, 'Sinh Vien Thu 23', '22520023', DATE '2004-05-15', 'Nu', 'Khoa CNTT', 'KTPM2022', '0988000023', 'KTX Khu A, DHQG-HCM');
    INSERT INTO TaiKhoan(TenDangNhap, MatKhau, Email, VaiTro, TrangThai) VALUES ('22520024', '123456', '22520024@gm.uit.edu.vn', 'TinhNguyenVien', 'HoatDong') RETURNING MaTaiKhoan INTO v_tmp;
    v_tk_tnv(24) := v_tmp;
    INSERT INTO HoSoSinhVien(MaTaiKhoan, HoTen, MSSV, NgaySinh, GioiTinh, Khoa, Lop, SoDienThoai, DiaChi) VALUES (v_tmp, 'Sinh Vien Thu 24', '22520024', DATE '2004-05-15', 'Nu', 'Khoa CNTT', 'KTPM2022', '0988000024', 'KTX Khu A, DHQG-HCM');
    INSERT INTO TaiKhoan(TenDangNhap, MatKhau, Email, VaiTro, TrangThai) VALUES ('22520025', '123456', '22520025@gm.uit.edu.vn', 'TinhNguyenVien', 'HoatDong') RETURNING MaTaiKhoan INTO v_tmp;
    v_tk_tnv(25) := v_tmp;
    INSERT INTO HoSoSinhVien(MaTaiKhoan, HoTen, MSSV, NgaySinh, GioiTinh, Khoa, Lop, SoDienThoai, DiaChi) VALUES (v_tmp, 'Sinh Vien Thu 25', '22520025', DATE '2004-05-15', 'Nam', 'Khoa CNTT', 'KTPM2022', '0988000025', 'KTX Khu A, DHQG-HCM');
    INSERT INTO TaiKhoan(TenDangNhap, MatKhau, Email, VaiTro, TrangThai) VALUES ('22520026', '123456', '22520026@gm.uit.edu.vn', 'TinhNguyenVien', 'HoatDong') RETURNING MaTaiKhoan INTO v_tmp;
    v_tk_tnv(26) := v_tmp;
    INSERT INTO HoSoSinhVien(MaTaiKhoan, HoTen, MSSV, NgaySinh, GioiTinh, Khoa, Lop, SoDienThoai, DiaChi) VALUES (v_tmp, 'Sinh Vien Thu 26', '22520026', DATE '2004-05-15', 'Nam', 'Khoa CNTT', 'KTPM2022', '0988000026', 'KTX Khu A, DHQG-HCM');
    INSERT INTO TaiKhoan(TenDangNhap, MatKhau, Email, VaiTro, TrangThai) VALUES ('22520027', '123456', '22520027@gm.uit.edu.vn', 'TinhNguyenVien', 'HoatDong') RETURNING MaTaiKhoan INTO v_tmp;
    v_tk_tnv(27) := v_tmp;
    INSERT INTO HoSoSinhVien(MaTaiKhoan, HoTen, MSSV, NgaySinh, GioiTinh, Khoa, Lop, SoDienThoai, DiaChi) VALUES (v_tmp, 'Sinh Vien Thu 27', '22520027', DATE '2004-05-15', 'Nu', 'Khoa CNTT', 'KTPM2022', '0988000027', 'KTX Khu A, DHQG-HCM');
    INSERT INTO TaiKhoan(TenDangNhap, MatKhau, Email, VaiTro, TrangThai) VALUES ('22520028', '123456', '22520028@gm.uit.edu.vn', 'TinhNguyenVien', 'HoatDong') RETURNING MaTaiKhoan INTO v_tmp;
    v_tk_tnv(28) := v_tmp;
    INSERT INTO HoSoSinhVien(MaTaiKhoan, HoTen, MSSV, NgaySinh, GioiTinh, Khoa, Lop, SoDienThoai, DiaChi) VALUES (v_tmp, 'Sinh Vien Thu 28', '22520028', DATE '2004-05-15', 'Nu', 'Khoa CNTT', 'KTPM2022', '0988000028', 'KTX Khu A, DHQG-HCM');
    INSERT INTO TaiKhoan(TenDangNhap, MatKhau, Email, VaiTro, TrangThai) VALUES ('22520029', '123456', '22520029@gm.uit.edu.vn', 'TinhNguyenVien', 'HoatDong') RETURNING MaTaiKhoan INTO v_tmp;
    v_tk_tnv(29) := v_tmp;
    INSERT INTO HoSoSinhVien(MaTaiKhoan, HoTen, MSSV, NgaySinh, GioiTinh, Khoa, Lop, SoDienThoai, DiaChi) VALUES (v_tmp, 'Sinh Vien Thu 29', '22520029', DATE '2004-05-15', 'Nu', 'Khoa CNTT', 'KTPM2022', '0988000029', 'KTX Khu A, DHQG-HCM');
    INSERT INTO TaiKhoan(TenDangNhap, MatKhau, Email, VaiTro, TrangThai) VALUES ('22520030', '123456', '22520030@gm.uit.edu.vn', 'TinhNguyenVien', 'HoatDong') RETURNING MaTaiKhoan INTO v_tmp;
    v_tk_tnv(30) := v_tmp;
    INSERT INTO HoSoSinhVien(MaTaiKhoan, HoTen, MSSV, NgaySinh, GioiTinh, Khoa, Lop, SoDienThoai, DiaChi) VALUES (v_tmp, 'Sinh Vien Thu 30', '22520030', DATE '2004-05-15', 'Nu', 'Khoa CNTT', 'KTPM2022', '0988000030', 'KTX Khu A, DHQG-HCM');
    INSERT INTO TaiKhoan(TenDangNhap, MatKhau, Email, VaiTro, TrangThai) VALUES ('22520031', '123456', '22520031@gm.uit.edu.vn', 'TinhNguyenVien', 'HoatDong') RETURNING MaTaiKhoan INTO v_tmp;
    v_tk_tnv(31) := v_tmp;
    INSERT INTO HoSoSinhVien(MaTaiKhoan, HoTen, MSSV, NgaySinh, GioiTinh, Khoa, Lop, SoDienThoai, DiaChi) VALUES (v_tmp, 'Sinh Vien Thu 31', '22520031', DATE '2004-05-15', 'Nam', 'Khoa CNTT', 'KTPM2022', '0988000031', 'KTX Khu A, DHQG-HCM');
    INSERT INTO TaiKhoan(TenDangNhap, MatKhau, Email, VaiTro, TrangThai) VALUES ('22520032', '123456', '22520032@gm.uit.edu.vn', 'TinhNguyenVien', 'HoatDong') RETURNING MaTaiKhoan INTO v_tmp;
    v_tk_tnv(32) := v_tmp;
    INSERT INTO HoSoSinhVien(MaTaiKhoan, HoTen, MSSV, NgaySinh, GioiTinh, Khoa, Lop, SoDienThoai, DiaChi) VALUES (v_tmp, 'Sinh Vien Thu 32', '22520032', DATE '2004-05-15', 'Nam', 'Khoa CNTT', 'KTPM2022', '0988000032', 'KTX Khu A, DHQG-HCM');
    INSERT INTO TaiKhoan(TenDangNhap, MatKhau, Email, VaiTro, TrangThai) VALUES ('22520033', '123456', '22520033@gm.uit.edu.vn', 'TinhNguyenVien', 'HoatDong') RETURNING MaTaiKhoan INTO v_tmp;
    v_tk_tnv(33) := v_tmp;
    INSERT INTO HoSoSinhVien(MaTaiKhoan, HoTen, MSSV, NgaySinh, GioiTinh, Khoa, Lop, SoDienThoai, DiaChi) VALUES (v_tmp, 'Sinh Vien Thu 33', '22520033', DATE '2004-05-15', 'Nam', 'Khoa CNTT', 'KTPM2022', '0988000033', 'KTX Khu A, DHQG-HCM');
    INSERT INTO TaiKhoan(TenDangNhap, MatKhau, Email, VaiTro, TrangThai) VALUES ('22520034', '123456', '22520034@gm.uit.edu.vn', 'TinhNguyenVien', 'HoatDong') RETURNING MaTaiKhoan INTO v_tmp;
    v_tk_tnv(34) := v_tmp;
    INSERT INTO HoSoSinhVien(MaTaiKhoan, HoTen, MSSV, NgaySinh, GioiTinh, Khoa, Lop, SoDienThoai, DiaChi) VALUES (v_tmp, 'Sinh Vien Thu 34', '22520034', DATE '2004-05-15', 'Nu', 'Khoa CNTT', 'KTPM2022', '0988000034', 'KTX Khu A, DHQG-HCM');
    INSERT INTO TaiKhoan(TenDangNhap, MatKhau, Email, VaiTro, TrangThai) VALUES ('22520035', '123456', '22520035@gm.uit.edu.vn', 'TinhNguyenVien', 'HoatDong') RETURNING MaTaiKhoan INTO v_tmp;
    v_tk_tnv(35) := v_tmp;
    INSERT INTO HoSoSinhVien(MaTaiKhoan, HoTen, MSSV, NgaySinh, GioiTinh, Khoa, Lop, SoDienThoai, DiaChi) VALUES (v_tmp, 'Sinh Vien Thu 35', '22520035', DATE '2004-05-15', 'Nam', 'Khoa CNTT', 'KTPM2022', '0988000035', 'KTX Khu A, DHQG-HCM');
    INSERT INTO TaiKhoan(TenDangNhap, MatKhau, Email, VaiTro, TrangThai) VALUES ('22520036', '123456', '22520036@gm.uit.edu.vn', 'TinhNguyenVien', 'HoatDong') RETURNING MaTaiKhoan INTO v_tmp;
    v_tk_tnv(36) := v_tmp;
    INSERT INTO HoSoSinhVien(MaTaiKhoan, HoTen, MSSV, NgaySinh, GioiTinh, Khoa, Lop, SoDienThoai, DiaChi) VALUES (v_tmp, 'Sinh Vien Thu 36', '22520036', DATE '2004-05-15', 'Nu', 'Khoa CNTT', 'KTPM2022', '0988000036', 'KTX Khu A, DHQG-HCM');
    INSERT INTO TaiKhoan(TenDangNhap, MatKhau, Email, VaiTro, TrangThai) VALUES ('22520037', '123456', '22520037@gm.uit.edu.vn', 'TinhNguyenVien', 'HoatDong') RETURNING MaTaiKhoan INTO v_tmp;
    v_tk_tnv(37) := v_tmp;
    INSERT INTO HoSoSinhVien(MaTaiKhoan, HoTen, MSSV, NgaySinh, GioiTinh, Khoa, Lop, SoDienThoai, DiaChi) VALUES (v_tmp, 'Sinh Vien Thu 37', '22520037', DATE '2004-05-15', 'Nu', 'Khoa CNTT', 'KTPM2022', '0988000037', 'KTX Khu A, DHQG-HCM');
    INSERT INTO TaiKhoan(TenDangNhap, MatKhau, Email, VaiTro, TrangThai) VALUES ('22520038', '123456', '22520038@gm.uit.edu.vn', 'TinhNguyenVien', 'HoatDong') RETURNING MaTaiKhoan INTO v_tmp;
    v_tk_tnv(38) := v_tmp;
    INSERT INTO HoSoSinhVien(MaTaiKhoan, HoTen, MSSV, NgaySinh, GioiTinh, Khoa, Lop, SoDienThoai, DiaChi) VALUES (v_tmp, 'Sinh Vien Thu 38', '22520038', DATE '2004-05-15', 'Nu', 'Khoa CNTT', 'KTPM2022', '0988000038', 'KTX Khu A, DHQG-HCM');
    INSERT INTO TaiKhoan(TenDangNhap, MatKhau, Email, VaiTro, TrangThai) VALUES ('22520039', '123456', '22520039@gm.uit.edu.vn', 'TinhNguyenVien', 'HoatDong') RETURNING MaTaiKhoan INTO v_tmp;
    v_tk_tnv(39) := v_tmp;
    INSERT INTO HoSoSinhVien(MaTaiKhoan, HoTen, MSSV, NgaySinh, GioiTinh, Khoa, Lop, SoDienThoai, DiaChi) VALUES (v_tmp, 'Sinh Vien Thu 39', '22520039', DATE '2004-05-15', 'Nu', 'Khoa CNTT', 'KTPM2022', '0988000039', 'KTX Khu A, DHQG-HCM');
    INSERT INTO TaiKhoan(TenDangNhap, MatKhau, Email, VaiTro, TrangThai) VALUES ('22520040', '123456', '22520040@gm.uit.edu.vn', 'TinhNguyenVien', 'HoatDong') RETURNING MaTaiKhoan INTO v_tmp;
    v_tk_tnv(40) := v_tmp;
    INSERT INTO HoSoSinhVien(MaTaiKhoan, HoTen, MSSV, NgaySinh, GioiTinh, Khoa, Lop, SoDienThoai, DiaChi) VALUES (v_tmp, 'Sinh Vien Thu 40', '22520040', DATE '2004-05-15', 'Nam', 'Khoa CNTT', 'KTPM2022', '0988000040', 'KTX Khu A, DHQG-HCM');
    INSERT INTO TaiKhoan(TenDangNhap, MatKhau, Email, VaiTro, TrangThai) VALUES ('22520041', '123456', '22520041@gm.uit.edu.vn', 'TinhNguyenVien', 'HoatDong') RETURNING MaTaiKhoan INTO v_tmp;
    v_tk_tnv(41) := v_tmp;
    INSERT INTO HoSoSinhVien(MaTaiKhoan, HoTen, MSSV, NgaySinh, GioiTinh, Khoa, Lop, SoDienThoai, DiaChi) VALUES (v_tmp, 'Sinh Vien Thu 41', '22520041', DATE '2004-05-15', 'Nam', 'Khoa CNTT', 'KTPM2022', '0988000041', 'KTX Khu A, DHQG-HCM');
    INSERT INTO TaiKhoan(TenDangNhap, MatKhau, Email, VaiTro, TrangThai) VALUES ('22520042', '123456', '22520042@gm.uit.edu.vn', 'TinhNguyenVien', 'HoatDong') RETURNING MaTaiKhoan INTO v_tmp;
    v_tk_tnv(42) := v_tmp;
    INSERT INTO HoSoSinhVien(MaTaiKhoan, HoTen, MSSV, NgaySinh, GioiTinh, Khoa, Lop, SoDienThoai, DiaChi) VALUES (v_tmp, 'Sinh Vien Thu 42', '22520042', DATE '2004-05-15', 'Nam', 'Khoa CNTT', 'KTPM2022', '0988000042', 'KTX Khu A, DHQG-HCM');
    INSERT INTO TaiKhoan(TenDangNhap, MatKhau, Email, VaiTro, TrangThai) VALUES ('22520043', '123456', '22520043@gm.uit.edu.vn', 'TinhNguyenVien', 'HoatDong') RETURNING MaTaiKhoan INTO v_tmp;
    v_tk_tnv(43) := v_tmp;
    INSERT INTO HoSoSinhVien(MaTaiKhoan, HoTen, MSSV, NgaySinh, GioiTinh, Khoa, Lop, SoDienThoai, DiaChi) VALUES (v_tmp, 'Sinh Vien Thu 43', '22520043', DATE '2004-05-15', 'Nu', 'Khoa CNTT', 'KTPM2022', '0988000043', 'KTX Khu A, DHQG-HCM');
    INSERT INTO TaiKhoan(TenDangNhap, MatKhau, Email, VaiTro, TrangThai) VALUES ('22520044', '123456', '22520044@gm.uit.edu.vn', 'TinhNguyenVien', 'HoatDong') RETURNING MaTaiKhoan INTO v_tmp;
    v_tk_tnv(44) := v_tmp;
    INSERT INTO HoSoSinhVien(MaTaiKhoan, HoTen, MSSV, NgaySinh, GioiTinh, Khoa, Lop, SoDienThoai, DiaChi) VALUES (v_tmp, 'Sinh Vien Thu 44', '22520044', DATE '2004-05-15', 'Nu', 'Khoa CNTT', 'KTPM2022', '0988000044', 'KTX Khu A, DHQG-HCM');
    INSERT INTO TaiKhoan(TenDangNhap, MatKhau, Email, VaiTro, TrangThai) VALUES ('22520045', '123456', '22520045@gm.uit.edu.vn', 'TinhNguyenVien', 'HoatDong') RETURNING MaTaiKhoan INTO v_tmp;
    v_tk_tnv(45) := v_tmp;
    INSERT INTO HoSoSinhVien(MaTaiKhoan, HoTen, MSSV, NgaySinh, GioiTinh, Khoa, Lop, SoDienThoai, DiaChi) VALUES (v_tmp, 'Sinh Vien Thu 45', '22520045', DATE '2004-05-15', 'Nu', 'Khoa CNTT', 'KTPM2022', '0988000045', 'KTX Khu A, DHQG-HCM');
    INSERT INTO TaiKhoan(TenDangNhap, MatKhau, Email, VaiTro, TrangThai) VALUES ('22520046', '123456', '22520046@gm.uit.edu.vn', 'TinhNguyenVien', 'HoatDong') RETURNING MaTaiKhoan INTO v_tmp;
    v_tk_tnv(46) := v_tmp;
    INSERT INTO HoSoSinhVien(MaTaiKhoan, HoTen, MSSV, NgaySinh, GioiTinh, Khoa, Lop, SoDienThoai, DiaChi) VALUES (v_tmp, 'Sinh Vien Thu 46', '22520046', DATE '2004-05-15', 'Nam', 'Khoa CNTT', 'KTPM2022', '0988000046', 'KTX Khu A, DHQG-HCM');
    INSERT INTO TaiKhoan(TenDangNhap, MatKhau, Email, VaiTro, TrangThai) VALUES ('22520047', '123456', '22520047@gm.uit.edu.vn', 'TinhNguyenVien', 'HoatDong') RETURNING MaTaiKhoan INTO v_tmp;
    v_tk_tnv(47) := v_tmp;
    INSERT INTO HoSoSinhVien(MaTaiKhoan, HoTen, MSSV, NgaySinh, GioiTinh, Khoa, Lop, SoDienThoai, DiaChi) VALUES (v_tmp, 'Sinh Vien Thu 47', '22520047', DATE '2004-05-15', 'Nu', 'Khoa CNTT', 'KTPM2022', '0988000047', 'KTX Khu A, DHQG-HCM');
    INSERT INTO TaiKhoan(TenDangNhap, MatKhau, Email, VaiTro, TrangThai) VALUES ('22520048', '123456', '22520048@gm.uit.edu.vn', 'TinhNguyenVien', 'HoatDong') RETURNING MaTaiKhoan INTO v_tmp;
    v_tk_tnv(48) := v_tmp;
    INSERT INTO HoSoSinhVien(MaTaiKhoan, HoTen, MSSV, NgaySinh, GioiTinh, Khoa, Lop, SoDienThoai, DiaChi) VALUES (v_tmp, 'Sinh Vien Thu 48', '22520048', DATE '2004-05-15', 'Nam', 'Khoa CNTT', 'KTPM2022', '0988000048', 'KTX Khu A, DHQG-HCM');
    INSERT INTO TaiKhoan(TenDangNhap, MatKhau, Email, VaiTro, TrangThai) VALUES ('22520049', '123456', '22520049@gm.uit.edu.vn', 'TinhNguyenVien', 'HoatDong') RETURNING MaTaiKhoan INTO v_tmp;
    v_tk_tnv(49) := v_tmp;
    INSERT INTO HoSoSinhVien(MaTaiKhoan, HoTen, MSSV, NgaySinh, GioiTinh, Khoa, Lop, SoDienThoai, DiaChi) VALUES (v_tmp, 'Sinh Vien Thu 49', '22520049', DATE '2004-05-15', 'Nu', 'Khoa CNTT', 'KTPM2022', '0988000049', 'KTX Khu A, DHQG-HCM');
    INSERT INTO TaiKhoan(TenDangNhap, MatKhau, Email, VaiTro, TrangThai) VALUES ('22520050', '123456', '22520050@gm.uit.edu.vn', 'TinhNguyenVien', 'HoatDong') RETURNING MaTaiKhoan INTO v_tmp;
    v_tk_tnv(50) := v_tmp;
    INSERT INTO HoSoSinhVien(MaTaiKhoan, HoTen, MSSV, NgaySinh, GioiTinh, Khoa, Lop, SoDienThoai, DiaChi) VALUES (v_tmp, 'Sinh Vien Thu 50', '22520050', DATE '2004-05-15', 'Nam', 'Khoa CNTT', 'KTPM2022', '0988000050', 'KTX Khu A, DHQG-HCM');

    -- 4. DOI TAC (5 Doi Tac)
    INSERT INTO DoiTac(TenDoiTac, LinhVuc, SoDienThoai, Email, DiaChi) VALUES ('Hội Sinh viên ĐHQG-HCM', 'Quản lý tổ chức', '02838647256', 'hsv@vnuhcm.edu.vn', 'Phường Linh Trung, TP. Thủ Đức') RETURNING MaDoiTac INTO v_tmp;
    v_dt_ids(1) := v_tmp;
    INSERT INTO DoiTac(TenDoiTac, LinhVuc, SoDienThoai, Email, DiaChi) VALUES ('Ngân hàng Agribank Chi nhánh Đông SG', 'Tài trợ tài chính', '02838960123', 'dongsg@agribank.com.vn', 'TP. Thủ Đức, TP.HCM') RETURNING MaDoiTac INTO v_tmp;
    v_dt_ids(2) := v_tmp;
    INSERT INTO DoiTac(TenDoiTac, LinhVuc, SoDienThoai, Email, DiaChi) VALUES ('Công ty Cổ phần Sữa Vinamilk', 'Tài trợ nhu yếu phẩm', '02854155555', 'cskh@vinamilk.com.vn', 'Quận 7, TP.HCM') RETURNING MaDoiTac INTO v_tmp;
    v_dt_ids(3) := v_tmp;
    INSERT INTO DoiTac(TenDoiTac, LinhVuc, SoDienThoai, Email, DiaChi) VALUES ('Nhà văn hóa Sinh viên TP.HCM', 'Cơ sở vật chất', '02838224382', 'lienhe@nvhsv.org.vn', 'Khu đô thị ĐHQG-HCM') RETURNING MaDoiTac INTO v_tmp;
    v_dt_ids(4) := v_tmp;
    INSERT INTO DoiTac(TenDoiTac, LinhVuc, SoDienThoai, Email, DiaChi) VALUES ('Bệnh viện Chợ Rẫy', 'Y tế', '02838554137', 'bvchoray@choray.vn', 'Quận 5, TP.HCM') RETURNING MaDoiTac INTO v_tmp;
    v_dt_ids(5) := v_tmp;

    -- 5. LOAI VAT PHAM (10 Loai)
    INSERT INTO LoaiVatPham(TenLoai, DonViTinh, SoLuongTon) VALUES ('Áo Mùa Hè Xanh', 'Cái', 0) RETURNING MaLoai INTO v_tmp;
    v_loai_ids(1) := v_tmp;
    INSERT INTO LoaiVatPham(TenLoai, DonViTinh, SoLuongTon) VALUES ('Áo Tiếp Sức Mùa Thi', 'Cái', 0) RETURNING MaLoai INTO v_tmp;
    v_loai_ids(2) := v_tmp;
    INSERT INTO LoaiVatPham(TenLoai, DonViTinh, SoLuongTon) VALUES ('Nón tai bèo', 'Cái', 0) RETURNING MaLoai INTO v_tmp;
    v_loai_ids(3) := v_tmp;
    INSERT INTO LoaiVatPham(TenLoai, DonViTinh, SoLuongTon) VALUES ('Nước suối đóng chai', 'Thùng', 0) RETURNING MaLoai INTO v_tmp;
    v_loai_ids(4) := v_tmp;
    INSERT INTO LoaiVatPham(TenLoai, DonViTinh, SoLuongTon) VALUES ('Sữa hộp', 'Thùng', 0) RETURNING MaLoai INTO v_tmp;
    v_loai_ids(5) := v_tmp;
    INSERT INTO LoaiVatPham(TenLoai, DonViTinh, SoLuongTon) VALUES ('Mì tôm', 'Thùng', 0) RETURNING MaLoai INTO v_tmp;
    v_loai_ids(6) := v_tmp;
    INSERT INTO LoaiVatPham(TenLoai, DonViTinh, SoLuongTon) VALUES ('Cuốc xẻng', 'Cái', 0) RETURNING MaLoai INTO v_tmp;
    v_loai_ids(7) := v_tmp;
    INSERT INTO LoaiVatPham(TenLoai, DonViTinh, SoLuongTon) VALUES ('Sách vở học sinh', 'Bộ', 0) RETURNING MaLoai INTO v_tmp;
    v_loai_ids(8) := v_tmp;
    INSERT INTO LoaiVatPham(TenLoai, DonViTinh, SoLuongTon) VALUES ('Thuốc men cơ bản', 'Hộp', 0) RETURNING MaLoai INTO v_tmp;
    v_loai_ids(9) := v_tmp;
    INSERT INTO LoaiVatPham(TenLoai, DonViTinh, SoLuongTon) VALUES ('Áo ấm', 'Cái', 0) RETURNING MaLoai INTO v_tmp;
    v_loai_ids(10) := v_tmp;

    -- 6. CHIEN DICH (20 Chien Dich map 1-1 voi Ban Dieu Hanh)
    INSERT INTO ChienDich(TenChienDich, NgayBatDau, NgayKetThuc, MoTa, SoLuongTNVToiDa, MucTieuTien, TrangThai, MaNguoiTao, GioToiThieuCN) VALUES ('Xuân Tình Nguyện 2024 - KTX ĐHQG-HCM', DATE '2024-01-05', DATE '2024-02-05', 'Mang không khí xuân đến với các bạn sinh viên xa nhà tại Ký túc xá ĐHQG-HCM.', 150, 20000000, 'DaKetThuc', v_tk_dieuhanh(1), NULL) RETURNING MaChienDich INTO v_tmp;
    v_cd_ids(1) := v_tmp;
    INSERT INTO BanDieuHanh(MaTaiKhoan, MaChienDich) VALUES (v_tk_dieuhanh(1), v_tmp);
    INSERT INTO DuyetChienDich(MaChienDich, MaNguoiDuyet, TrangThai, NgayDuyet) VALUES (v_tmp, v_tk_admin(1), 'DaDuyet', DATE '2024-01-05');
    INSERT INTO CongViec(MaChienDich, TenCongViec, SoLuongTNVCan) VALUES (v_tmp, 'Ban truyen thong', 20) RETURNING MaCongViec INTO v_tmp2;
    v_cv_ids(1) := v_tmp2;
    INSERT INTO CongViec(MaChienDich, TenCongViec, SoLuongTNVCan) VALUES (v_tmp, 'Ban hau can', 30) RETURNING MaCongViec INTO v_tmp2;
    v_cv_ids(2) := v_tmp2;
    INSERT INTO TinTuc(MaChienDich, TieuDe, NoiDung, MaNguoiDang) VALUES (v_tmp, 'Phat dong Xuân Tình Nguyện 2024 - KTX ĐHQG-HCM', 'Noi dung phat dong...', v_tk_dieuhanh(1));
    INSERT INTO ChienDich(TenChienDich, NgayBatDau, NgayKetThuc, MoTa, SoLuongTNVToiDa, MucTieuTien, TrangThai, MaNguoiTao, GioToiThieuCN) VALUES ('Xuân Tình Nguyện 2024 - Mái ấm tình thương', DATE '2024-01-10', DATE '2024-02-08', 'Chăm lo tết cho trẻ em mồ côi tại các mái ấm trên địa bàn TP.Thủ Đức.', 50, 15000000, 'DaKetThuc', v_tk_dieuhanh(2), NULL) RETURNING MaChienDich INTO v_tmp;
    v_cd_ids(2) := v_tmp;
    INSERT INTO BanDieuHanh(MaTaiKhoan, MaChienDich) VALUES (v_tk_dieuhanh(2), v_tmp);
    INSERT INTO DuyetChienDich(MaChienDich, MaNguoiDuyet, TrangThai, NgayDuyet) VALUES (v_tmp, v_tk_admin(2), 'DaDuyet', DATE '2024-01-10');
    INSERT INTO CongViec(MaChienDich, TenCongViec, SoLuongTNVCan) VALUES (v_tmp, 'Ban truyen thong', 20) RETURNING MaCongViec INTO v_tmp2;
    v_cv_ids(3) := v_tmp2;
    INSERT INTO CongViec(MaChienDich, TenCongViec, SoLuongTNVCan) VALUES (v_tmp, 'Ban hau can', 30) RETURNING MaCongViec INTO v_tmp2;
    v_cv_ids(4) := v_tmp2;
    INSERT INTO TinTuc(MaChienDich, TieuDe, NoiDung, MaNguoiDang) VALUES (v_tmp, 'Phat dong Xuân Tình Nguyện 2024 - Mái ấm tình thương', 'Noi dung phat dong...', v_tk_dieuhanh(2));
    INSERT INTO ChienDich(TenChienDich, NgayBatDau, NgayKetThuc, MoTa, SoLuongTNVToiDa, MucTieuTien, TrangThai, MaNguoiTao, GioToiThieuCN) VALUES ('Mùa Hè Xanh 2024 - Mặt trận tỉnh Bến Tre', DATE '2024-07-01', DATE '2024-08-01', 'Xây dựng cầu đường nông thôn, thắp sáng đường quê và dạy học cho trẻ em tại Bến Tre.', 300, 100000000, 'DaKetThuc', v_tk_dieuhanh(3), 60) RETURNING MaChienDich INTO v_tmp;
    v_cd_ids(3) := v_tmp;
    INSERT INTO BanDieuHanh(MaTaiKhoan, MaChienDich) VALUES (v_tk_dieuhanh(3), v_tmp);
    INSERT INTO DuyetChienDich(MaChienDich, MaNguoiDuyet, TrangThai, NgayDuyet) VALUES (v_tmp, v_tk_admin(2), 'DaDuyet', DATE '2024-07-01');
    INSERT INTO CongViec(MaChienDich, TenCongViec, SoLuongTNVCan) VALUES (v_tmp, 'Ban truyen thong', 20) RETURNING MaCongViec INTO v_tmp2;
    v_cv_ids(5) := v_tmp2;
    INSERT INTO CongViec(MaChienDich, TenCongViec, SoLuongTNVCan) VALUES (v_tmp, 'Ban hau can', 30) RETURNING MaCongViec INTO v_tmp2;
    v_cv_ids(6) := v_tmp2;
    INSERT INTO TinTuc(MaChienDich, TieuDe, NoiDung, MaNguoiDang) VALUES (v_tmp, 'Phat dong Mùa Hè Xanh 2024 - Mặt trận tỉnh Bến Tre', 'Noi dung phat dong...', v_tk_dieuhanh(3));
    INSERT INTO ChienDich(TenChienDich, NgayBatDau, NgayKetThuc, MoTa, SoLuongTNVToiDa, MucTieuTien, TrangThai, MaNguoiTao, GioToiThieuCN) VALUES ('Mùa Hè Xanh 2024 - Mặt trận TP.HCM', DATE '2024-07-05', DATE '2024-08-05', 'Dọn dẹp vệ sinh kênh rạch, tuyên truyền phòng chống dịch bệnh tại các quận ven.', 500, 50000000, 'DaKetThuc', v_tk_dieuhanh(4), 40) RETURNING MaChienDich INTO v_tmp;
    v_cd_ids(4) := v_tmp;
    INSERT INTO BanDieuHanh(MaTaiKhoan, MaChienDich) VALUES (v_tk_dieuhanh(4), v_tmp);
    INSERT INTO DuyetChienDich(MaChienDich, MaNguoiDuyet, TrangThai, NgayDuyet) VALUES (v_tmp, v_tk_admin(1), 'DaDuyet', DATE '2024-07-05');
    INSERT INTO CongViec(MaChienDich, TenCongViec, SoLuongTNVCan) VALUES (v_tmp, 'Ban truyen thong', 20) RETURNING MaCongViec INTO v_tmp2;
    v_cv_ids(7) := v_tmp2;
    INSERT INTO CongViec(MaChienDich, TenCongViec, SoLuongTNVCan) VALUES (v_tmp, 'Ban hau can', 30) RETURNING MaCongViec INTO v_tmp2;
    v_cv_ids(8) := v_tmp2;
    INSERT INTO TinTuc(MaChienDich, TieuDe, NoiDung, MaNguoiDang) VALUES (v_tmp, 'Phat dong Mùa Hè Xanh 2024 - Mặt trận TP.HCM', 'Noi dung phat dong...', v_tk_dieuhanh(4));
    INSERT INTO ChienDich(TenChienDich, NgayBatDau, NgayKetThuc, MoTa, SoLuongTNVToiDa, MucTieuTien, TrangThai, MaNguoiTao, GioToiThieuCN) VALUES ('Mùa Hè Xanh 2024 - Mặt trận Đắk Nông', DATE '2024-07-10', DATE '2024-08-10', 'Hỗ trợ bà con dân tộc thiểu số phát triển kinh tế, xây dựng nhà tình thương.', 100, 150000000, 'DaKetThuc', v_tk_dieuhanh(5), 80) RETURNING MaChienDich INTO v_tmp;
    v_cd_ids(5) := v_tmp;
    INSERT INTO BanDieuHanh(MaTaiKhoan, MaChienDich) VALUES (v_tk_dieuhanh(5), v_tmp);
    INSERT INTO DuyetChienDich(MaChienDich, MaNguoiDuyet, TrangThai, NgayDuyet) VALUES (v_tmp, v_tk_admin(2), 'DaDuyet', DATE '2024-07-10');
    INSERT INTO CongViec(MaChienDich, TenCongViec, SoLuongTNVCan) VALUES (v_tmp, 'Ban truyen thong', 20) RETURNING MaCongViec INTO v_tmp2;
    v_cv_ids(9) := v_tmp2;
    INSERT INTO CongViec(MaChienDich, TenCongViec, SoLuongTNVCan) VALUES (v_tmp, 'Ban hau can', 30) RETURNING MaCongViec INTO v_tmp2;
    v_cv_ids(10) := v_tmp2;
    INSERT INTO TinTuc(MaChienDich, TieuDe, NoiDung, MaNguoiDang) VALUES (v_tmp, 'Phat dong Mùa Hè Xanh 2024 - Mặt trận Đắk Nông', 'Noi dung phat dong...', v_tk_dieuhanh(5));
    INSERT INTO ChienDich(TenChienDich, NgayBatDau, NgayKetThuc, MoTa, SoLuongTNVToiDa, MucTieuTien, TrangThai, MaNguoiTao, GioToiThieuCN) VALUES ('Tiếp Sức Mùa Thi 2024 - Cụm thi ĐHQG', DATE '2024-06-25', DATE '2024-07-05', 'Hỗ trợ thí sinh tham gia kỳ thi THPT Quốc gia tại cụm thi Làng Đại Học.', 800, 20000000, 'DaKetThuc', v_tk_dieuhanh(6), 15) RETURNING MaChienDich INTO v_tmp;
    v_cd_ids(6) := v_tmp;
    INSERT INTO BanDieuHanh(MaTaiKhoan, MaChienDich) VALUES (v_tk_dieuhanh(6), v_tmp);
    INSERT INTO DuyetChienDich(MaChienDich, MaNguoiDuyet, TrangThai, NgayDuyet) VALUES (v_tmp, v_tk_admin(1), 'DaDuyet', DATE '2024-06-25');
    INSERT INTO CongViec(MaChienDich, TenCongViec, SoLuongTNVCan) VALUES (v_tmp, 'Ban truyen thong', 20) RETURNING MaCongViec INTO v_tmp2;
    v_cv_ids(11) := v_tmp2;
    INSERT INTO CongViec(MaChienDich, TenCongViec, SoLuongTNVCan) VALUES (v_tmp, 'Ban hau can', 30) RETURNING MaCongViec INTO v_tmp2;
    v_cv_ids(12) := v_tmp2;
    INSERT INTO TinTuc(MaChienDich, TieuDe, NoiDung, MaNguoiDang) VALUES (v_tmp, 'Phat dong Tiếp Sức Mùa Thi 2024 - Cụm thi ĐHQG', 'Noi dung phat dong...', v_tk_dieuhanh(6));
    INSERT INTO ChienDich(TenChienDich, NgayBatDau, NgayKetThuc, MoTa, SoLuongTNVToiDa, MucTieuTien, TrangThai, MaNguoiTao, GioToiThieuCN) VALUES ('Chủ Nhật Xanh đợt 1 - Xây dựng Không gian xanh', DATE '2024-03-10', DATE '2024-03-10', 'Dọn dẹp rác thải và trồng cây xanh quanh khu vực hồ Đá và Làng Đại Học.', 200, 5000000, 'DaKetThuc', v_tk_dieuhanh(7), 4) RETURNING MaChienDich INTO v_tmp;
    v_cd_ids(7) := v_tmp;
    INSERT INTO BanDieuHanh(MaTaiKhoan, MaChienDich) VALUES (v_tk_dieuhanh(7), v_tmp);
    INSERT INTO DuyetChienDich(MaChienDich, MaNguoiDuyet, TrangThai, NgayDuyet) VALUES (v_tmp, v_tk_admin(1), 'DaDuyet', DATE '2024-03-10');
    INSERT INTO CongViec(MaChienDich, TenCongViec, SoLuongTNVCan) VALUES (v_tmp, 'Ban truyen thong', 20) RETURNING MaCongViec INTO v_tmp2;
    v_cv_ids(13) := v_tmp2;
    INSERT INTO CongViec(MaChienDich, TenCongViec, SoLuongTNVCan) VALUES (v_tmp, 'Ban hau can', 30) RETURNING MaCongViec INTO v_tmp2;
    v_cv_ids(14) := v_tmp2;
    INSERT INTO TinTuc(MaChienDich, TieuDe, NoiDung, MaNguoiDang) VALUES (v_tmp, 'Phat dong Chủ Nhật Xanh đợt 1 - Xây dựng Không gian xanh', 'Noi dung phat dong...', v_tk_dieuhanh(7));
    INSERT INTO ChienDich(TenChienDich, NgayBatDau, NgayKetThuc, MoTa, SoLuongTNVToiDa, MucTieuTien, TrangThai, MaNguoiTao, GioToiThieuCN) VALUES ('Ngày hội Hiến Máu Tình Nguyện đợt 1/2024', DATE '2024-04-15', DATE '2024-04-15', 'Hiến máu cứu người tại Nhà điều hành ĐHQG-HCM.', 1000, 10000000, 'DaKetThuc', v_tk_dieuhanh(8), 4) RETURNING MaChienDich INTO v_tmp;
    v_cd_ids(8) := v_tmp;
    INSERT INTO BanDieuHanh(MaTaiKhoan, MaChienDich) VALUES (v_tk_dieuhanh(8), v_tmp);
    INSERT INTO DuyetChienDich(MaChienDich, MaNguoiDuyet, TrangThai, NgayDuyet) VALUES (v_tmp, v_tk_admin(2), 'DaDuyet', DATE '2024-04-15');
    INSERT INTO CongViec(MaChienDich, TenCongViec, SoLuongTNVCan) VALUES (v_tmp, 'Ban truyen thong', 20) RETURNING MaCongViec INTO v_tmp2;
    v_cv_ids(15) := v_tmp2;
    INSERT INTO CongViec(MaChienDich, TenCongViec, SoLuongTNVCan) VALUES (v_tmp, 'Ban hau can', 30) RETURNING MaCongViec INTO v_tmp2;
    v_cv_ids(16) := v_tmp2;
    INSERT INTO TinTuc(MaChienDich, TieuDe, NoiDung, MaNguoiDang) VALUES (v_tmp, 'Phat dong Ngày hội Hiến Máu Tình Nguyện đợt 1/2024', 'Noi dung phat dong...', v_tk_dieuhanh(8));
    INSERT INTO ChienDich(TenChienDich, NgayBatDau, NgayKetThuc, MoTa, SoLuongTNVToiDa, MucTieuTien, TrangThai, MaNguoiTao, GioToiThieuCN) VALUES ('Chiến dịch Tình nguyện Kỳ Nghỉ Hồng 2024', DATE '2024-08-15', DATE '2024-09-15', 'Chiến dịch dành cho cán bộ viên chức trẻ hỗ trợ chuyên môn cho địa phương.', 50, 30000000, 'DaKetThuc', v_tk_dieuhanh(9), 20) RETURNING MaChienDich INTO v_tmp;
    v_cd_ids(9) := v_tmp;
    INSERT INTO BanDieuHanh(MaTaiKhoan, MaChienDich) VALUES (v_tk_dieuhanh(9), v_tmp);
    INSERT INTO DuyetChienDich(MaChienDich, MaNguoiDuyet, TrangThai, NgayDuyet) VALUES (v_tmp, v_tk_admin(1), 'DaDuyet', DATE '2024-08-15');
    INSERT INTO CongViec(MaChienDich, TenCongViec, SoLuongTNVCan) VALUES (v_tmp, 'Ban truyen thong', 20) RETURNING MaCongViec INTO v_tmp2;
    v_cv_ids(17) := v_tmp2;
    INSERT INTO CongViec(MaChienDich, TenCongViec, SoLuongTNVCan) VALUES (v_tmp, 'Ban hau can', 30) RETURNING MaCongViec INTO v_tmp2;
    v_cv_ids(18) := v_tmp2;
    INSERT INTO TinTuc(MaChienDich, TieuDe, NoiDung, MaNguoiDang) VALUES (v_tmp, 'Phat dong Chiến dịch Tình nguyện Kỳ Nghỉ Hồng 2024', 'Noi dung phat dong...', v_tk_dieuhanh(9));
    INSERT INTO ChienDich(TenChienDich, NgayBatDau, NgayKetThuc, MoTa, SoLuongTNVToiDa, MucTieuTien, TrangThai, MaNguoiTao, GioToiThieuCN) VALUES ('Lò luyện thi Đại học Miễn Phí 2024', DATE '2024-03-01', DATE '2024-06-30', 'Sinh viên xuất sắc tham gia dạy kèm miễn phí cho học sinh hoàn cảnh khó khăn.', 150, 10000000, 'DaKetThuc', v_tk_dieuhanh(10), 100) RETURNING MaChienDich INTO v_tmp;
    v_cd_ids(10) := v_tmp;
    INSERT INTO BanDieuHanh(MaTaiKhoan, MaChienDich) VALUES (v_tk_dieuhanh(10), v_tmp);
    INSERT INTO DuyetChienDich(MaChienDich, MaNguoiDuyet, TrangThai, NgayDuyet) VALUES (v_tmp, v_tk_admin(2), 'DaDuyet', DATE '2024-03-01');
    INSERT INTO CongViec(MaChienDich, TenCongViec, SoLuongTNVCan) VALUES (v_tmp, 'Ban truyen thong', 20) RETURNING MaCongViec INTO v_tmp2;
    v_cv_ids(19) := v_tmp2;
    INSERT INTO CongViec(MaChienDich, TenCongViec, SoLuongTNVCan) VALUES (v_tmp, 'Ban hau can', 30) RETURNING MaCongViec INTO v_tmp2;
    v_cv_ids(20) := v_tmp2;
    INSERT INTO TinTuc(MaChienDich, TieuDe, NoiDung, MaNguoiDang) VALUES (v_tmp, 'Phat dong Lò luyện thi Đại học Miễn Phí 2024', 'Noi dung phat dong...', v_tk_dieuhanh(10));
    INSERT INTO ChienDich(TenChienDich, NgayBatDau, NgayKetThuc, MoTa, SoLuongTNVToiDa, MucTieuTien, TrangThai, MaNguoiTao, GioToiThieuCN) VALUES ('Vui Tết Trung Thu 2024 - Nụ cười trẻ thơ', DATE '2024-09-15', DATE '2024-09-17', 'Tổ chức rước đèn, phát quà cho trẻ em có hoàn cảnh khó khăn tại Bình Dương.', 100, 25000000, 'DaKetThuc', v_tk_dieuhanh(11), 8) RETURNING MaChienDich INTO v_tmp;
    v_cd_ids(11) := v_tmp;
    INSERT INTO BanDieuHanh(MaTaiKhoan, MaChienDich) VALUES (v_tk_dieuhanh(11), v_tmp);
    INSERT INTO DuyetChienDich(MaChienDich, MaNguoiDuyet, TrangThai, NgayDuyet) VALUES (v_tmp, v_tk_admin(1), 'DaDuyet', DATE '2024-09-15');
    INSERT INTO CongViec(MaChienDich, TenCongViec, SoLuongTNVCan) VALUES (v_tmp, 'Ban truyen thong', 20) RETURNING MaCongViec INTO v_tmp2;
    v_cv_ids(21) := v_tmp2;
    INSERT INTO CongViec(MaChienDich, TenCongViec, SoLuongTNVCan) VALUES (v_tmp, 'Ban hau can', 30) RETURNING MaCongViec INTO v_tmp2;
    v_cv_ids(22) := v_tmp2;
    INSERT INTO TinTuc(MaChienDich, TieuDe, NoiDung, MaNguoiDang) VALUES (v_tmp, 'Phat dong Vui Tết Trung Thu 2024 - Nụ cười trẻ thơ', 'Noi dung phat dong...', v_tk_dieuhanh(11));
    INSERT INTO ChienDich(TenChienDich, NgayBatDau, NgayKetThuc, MoTa, SoLuongTNVToiDa, MucTieuTien, TrangThai, MaNguoiTao, GioToiThieuCN) VALUES ('Áo ấm mùa đông - Sưởi ấm vùng cao', DATE '2024-11-01', DATE '2024-12-15', 'Quyên góp quần áo ấm và nhu yếu phẩm gửi tặng đồng bào vùng cao Hà Giang.', 80, 50000000, 'DaKetThuc', v_tk_dieuhanh(12), 20) RETURNING MaChienDich INTO v_tmp;
    v_cd_ids(12) := v_tmp;
    INSERT INTO BanDieuHanh(MaTaiKhoan, MaChienDich) VALUES (v_tk_dieuhanh(12), v_tmp);
    INSERT INTO DuyetChienDich(MaChienDich, MaNguoiDuyet, TrangThai, NgayDuyet) VALUES (v_tmp, v_tk_admin(1), 'DaDuyet', DATE '2024-11-01');
    INSERT INTO CongViec(MaChienDich, TenCongViec, SoLuongTNVCan) VALUES (v_tmp, 'Ban truyen thong', 20) RETURNING MaCongViec INTO v_tmp2;
    v_cv_ids(23) := v_tmp2;
    INSERT INTO CongViec(MaChienDich, TenCongViec, SoLuongTNVCan) VALUES (v_tmp, 'Ban hau can', 30) RETURNING MaCongViec INTO v_tmp2;
    v_cv_ids(24) := v_tmp2;
    INSERT INTO TinTuc(MaChienDich, TieuDe, NoiDung, MaNguoiDang) VALUES (v_tmp, 'Phat dong Áo ấm mùa đông - Sưởi ấm vùng cao', 'Noi dung phat dong...', v_tk_dieuhanh(12));
    INSERT INTO ChienDich(TenChienDich, NgayBatDau, NgayKetThuc, MoTa, SoLuongTNVToiDa, MucTieuTien, TrangThai, MaNguoiTao, GioToiThieuCN) VALUES ('Đổi Rác Lấy Quà - Vì môi trường xanh 2024', DATE '2024-10-10', DATE '2024-10-12', 'Thu gom giấy báo, chai nhựa đổi lấy sen đá và túi vải thân thiện môi trường.', 120, 8000000, 'DaKetThuc', v_tk_dieuhanh(13), 6) RETURNING MaChienDich INTO v_tmp;
    v_cd_ids(13) := v_tmp;
    INSERT INTO BanDieuHanh(MaTaiKhoan, MaChienDich) VALUES (v_tk_dieuhanh(13), v_tmp);
    INSERT INTO DuyetChienDich(MaChienDich, MaNguoiDuyet, TrangThai, NgayDuyet) VALUES (v_tmp, v_tk_admin(2), 'DaDuyet', DATE '2024-10-10');
    INSERT INTO CongViec(MaChienDich, TenCongViec, SoLuongTNVCan) VALUES (v_tmp, 'Ban truyen thong', 20) RETURNING MaCongViec INTO v_tmp2;
    v_cv_ids(25) := v_tmp2;
    INSERT INTO CongViec(MaChienDich, TenCongViec, SoLuongTNVCan) VALUES (v_tmp, 'Ban hau can', 30) RETURNING MaCongViec INTO v_tmp2;
    v_cv_ids(26) := v_tmp2;
    INSERT INTO TinTuc(MaChienDich, TieuDe, NoiDung, MaNguoiDang) VALUES (v_tmp, 'Phat dong Đổi Rác Lấy Quà - Vì môi trường xanh 2024', 'Noi dung phat dong...', v_tk_dieuhanh(13));
    INSERT INTO ChienDich(TenChienDich, NgayBatDau, NgayKetThuc, MoTa, SoLuongTNVToiDa, MucTieuTien, TrangThai, MaNguoiTao, GioToiThieuCN) VALUES ('Tình Nguyện Quốc Tế - Giao lưu ASEAN', DATE '2024-12-01', DATE '2024-12-10', 'Giao lưu văn hóa và thực hiện dự án môi trường cùng sinh viên các nước ASEAN.', 40, 100000000, 'DaKetThuc', v_tk_dieuhanh(14), 40) RETURNING MaChienDich INTO v_tmp;
    v_cd_ids(14) := v_tmp;
    INSERT INTO BanDieuHanh(MaTaiKhoan, MaChienDich) VALUES (v_tk_dieuhanh(14), v_tmp);
    INSERT INTO DuyetChienDich(MaChienDich, MaNguoiDuyet, TrangThai, NgayDuyet) VALUES (v_tmp, v_tk_admin(1), 'DaDuyet', DATE '2024-12-01');
    INSERT INTO CongViec(MaChienDich, TenCongViec, SoLuongTNVCan) VALUES (v_tmp, 'Ban truyen thong', 20) RETURNING MaCongViec INTO v_tmp2;
    v_cv_ids(27) := v_tmp2;
    INSERT INTO CongViec(MaChienDich, TenCongViec, SoLuongTNVCan) VALUES (v_tmp, 'Ban hau can', 30) RETURNING MaCongViec INTO v_tmp2;
    v_cv_ids(28) := v_tmp2;
    INSERT INTO TinTuc(MaChienDich, TieuDe, NoiDung, MaNguoiDang) VALUES (v_tmp, 'Phat dong Tình Nguyện Quốc Tế - Giao lưu ASEAN', 'Noi dung phat dong...', v_tk_dieuhanh(14));
    INSERT INTO ChienDich(TenChienDich, NgayBatDau, NgayKetThuc, MoTa, SoLuongTNVToiDa, MucTieuTien, TrangThai, MaNguoiTao, GioToiThieuCN) VALUES ('Hỗ trợ chuyển đổi số cho người dân', DATE '2024-05-01', DATE '2024-05-30', 'Sinh viên khối CNTT hướng dẫn người dân sử dụng dịch vụ công trực tuyến.', 200, 10000000, 'DaKetThuc', v_tk_dieuhanh(15), 25) RETURNING MaChienDich INTO v_tmp;
    v_cd_ids(15) := v_tmp;
    INSERT INTO BanDieuHanh(MaTaiKhoan, MaChienDich) VALUES (v_tk_dieuhanh(15), v_tmp);
    INSERT INTO DuyetChienDich(MaChienDich, MaNguoiDuyet, TrangThai, NgayDuyet) VALUES (v_tmp, v_tk_admin(2), 'DaDuyet', DATE '2024-05-01');
    INSERT INTO CongViec(MaChienDich, TenCongViec, SoLuongTNVCan) VALUES (v_tmp, 'Ban truyen thong', 20) RETURNING MaCongViec INTO v_tmp2;
    v_cv_ids(29) := v_tmp2;
    INSERT INTO CongViec(MaChienDich, TenCongViec, SoLuongTNVCan) VALUES (v_tmp, 'Ban hau can', 30) RETURNING MaCongViec INTO v_tmp2;
    v_cv_ids(30) := v_tmp2;
    INSERT INTO TinTuc(MaChienDich, TieuDe, NoiDung, MaNguoiDang) VALUES (v_tmp, 'Phat dong Hỗ trợ chuyển đổi số cho người dân', 'Noi dung phat dong...', v_tk_dieuhanh(15));
    INSERT INTO ChienDich(TenChienDich, NgayBatDau, NgayKetThuc, MoTa, SoLuongTNVToiDa, MucTieuTien, TrangThai, MaNguoiTao, GioToiThieuCN) VALUES ('Khắc phục hậu quả bão lũ miền Trung', DATE '2024-10-20', DATE '2024-11-20', 'Huy động nguồn lực và nhân lực hỗ trợ đồng bào miền Trung bị ảnh hưởng bão.', 300, 500000000, 'DaKetThuc', v_tk_dieuhanh(16), 50) RETURNING MaChienDich INTO v_tmp;
    v_cd_ids(16) := v_tmp;
    INSERT INTO BanDieuHanh(MaTaiKhoan, MaChienDich) VALUES (v_tk_dieuhanh(16), v_tmp);
    INSERT INTO DuyetChienDich(MaChienDich, MaNguoiDuyet, TrangThai, NgayDuyet) VALUES (v_tmp, v_tk_admin(1), 'DaDuyet', DATE '2024-10-20');
    INSERT INTO CongViec(MaChienDich, TenCongViec, SoLuongTNVCan) VALUES (v_tmp, 'Ban truyen thong', 20) RETURNING MaCongViec INTO v_tmp2;
    v_cv_ids(31) := v_tmp2;
    INSERT INTO CongViec(MaChienDich, TenCongViec, SoLuongTNVCan) VALUES (v_tmp, 'Ban hau can', 30) RETURNING MaCongViec INTO v_tmp2;
    v_cv_ids(32) := v_tmp2;
    INSERT INTO TinTuc(MaChienDich, TieuDe, NoiDung, MaNguoiDang) VALUES (v_tmp, 'Phat dong Khắc phục hậu quả bão lũ miền Trung', 'Noi dung phat dong...', v_tk_dieuhanh(16));
    INSERT INTO ChienDich(TenChienDich, NgayBatDau, NgayKetThuc, MoTa, SoLuongTNVToiDa, MucTieuTien, TrangThai, MaNguoiTao, GioToiThieuCN) VALUES ('Xây cầu giao thông nông thôn tại Đồng Tháp', DATE '2024-02-01', DATE '2024-03-01', 'Góp sức trẻ xây cầu bêtông thay thế cầu khỉ tại huyện Lai Vung.', 60, 250000000, 'DaKetThuc', v_tk_dieuhanh(17), 60) RETURNING MaChienDich INTO v_tmp;
    v_cd_ids(17) := v_tmp;
    INSERT INTO BanDieuHanh(MaTaiKhoan, MaChienDich) VALUES (v_tk_dieuhanh(17), v_tmp);
    INSERT INTO DuyetChienDich(MaChienDich, MaNguoiDuyet, TrangThai, NgayDuyet) VALUES (v_tmp, v_tk_admin(2), 'DaDuyet', DATE '2024-02-01');
    INSERT INTO CongViec(MaChienDich, TenCongViec, SoLuongTNVCan) VALUES (v_tmp, 'Ban truyen thong', 20) RETURNING MaCongViec INTO v_tmp2;
    v_cv_ids(33) := v_tmp2;
    INSERT INTO CongViec(MaChienDich, TenCongViec, SoLuongTNVCan) VALUES (v_tmp, 'Ban hau can', 30) RETURNING MaCongViec INTO v_tmp2;
    v_cv_ids(34) := v_tmp2;
    INSERT INTO TinTuc(MaChienDich, TieuDe, NoiDung, MaNguoiDang) VALUES (v_tmp, 'Phat dong Xây cầu giao thông nông thôn tại Đồng Tháp', 'Noi dung phat dong...', v_tk_dieuhanh(17));
    INSERT INTO ChienDich(TenChienDich, NgayBatDau, NgayKetThuc, MoTa, SoLuongTNVToiDa, MucTieuTien, TrangThai, MaNguoiTao, GioToiThieuCN) VALUES ('Xuân Tình Nguyện 2025 - Kết nối cộng đồng', DATE '2025-01-05', DATE '2025-02-05', 'Tiếp nối tinh thần xung kích chăm lo Tết cho các hoàn cảnh khó khăn.', 200, 30000000, 'DangHoatDong', v_tk_dieuhanh(18), NULL) RETURNING MaChienDich INTO v_tmp;
    v_cd_ids(18) := v_tmp;
    INSERT INTO BanDieuHanh(MaTaiKhoan, MaChienDich) VALUES (v_tk_dieuhanh(18), v_tmp);
    INSERT INTO DuyetChienDich(MaChienDich, MaNguoiDuyet, TrangThai, NgayDuyet) VALUES (v_tmp, v_tk_admin(2), 'DaDuyet', DATE '2025-01-05');
    INSERT INTO CongViec(MaChienDich, TenCongViec, SoLuongTNVCan) VALUES (v_tmp, 'Ban truyen thong', 20) RETURNING MaCongViec INTO v_tmp2;
    v_cv_ids(35) := v_tmp2;
    INSERT INTO CongViec(MaChienDich, TenCongViec, SoLuongTNVCan) VALUES (v_tmp, 'Ban hau can', 30) RETURNING MaCongViec INTO v_tmp2;
    v_cv_ids(36) := v_tmp2;
    INSERT INTO TinTuc(MaChienDich, TieuDe, NoiDung, MaNguoiDang) VALUES (v_tmp, 'Phat dong Xuân Tình Nguyện 2025 - Kết nối cộng đồng', 'Noi dung phat dong...', v_tk_dieuhanh(18));
    INSERT INTO ChienDich(TenChienDich, NgayBatDau, NgayKetThuc, MoTa, SoLuongTNVToiDa, MucTieuTien, TrangThai, MaNguoiTao, GioToiThieuCN) VALUES ('Tiếp Sức Mùa Thi 2025 - Đồng hành sĩ tử', DATE '2025-06-25', DATE '2025-07-05', 'Hỗ trợ sĩ tử trong kỳ thi tốt nghiệp THPT 2025.', 800, 25000000, 'ChoDuyet', v_tk_dieuhanh(19), 15) RETURNING MaChienDich INTO v_tmp;
    v_cd_ids(19) := v_tmp;
    INSERT INTO BanDieuHanh(MaTaiKhoan, MaChienDich) VALUES (v_tk_dieuhanh(19), v_tmp);
    INSERT INTO CongViec(MaChienDich, TenCongViec, SoLuongTNVCan) VALUES (v_tmp, 'Ban truyen thong', 20) RETURNING MaCongViec INTO v_tmp2;
    v_cv_ids(37) := v_tmp2;
    INSERT INTO CongViec(MaChienDich, TenCongViec, SoLuongTNVCan) VALUES (v_tmp, 'Ban hau can', 30) RETURNING MaCongViec INTO v_tmp2;
    v_cv_ids(38) := v_tmp2;
    INSERT INTO TinTuc(MaChienDich, TieuDe, NoiDung, MaNguoiDang) VALUES (v_tmp, 'Phat dong Tiếp Sức Mùa Thi 2025 - Đồng hành sĩ tử', 'Noi dung phat dong...', v_tk_dieuhanh(19));
    INSERT INTO ChienDich(TenChienDich, NgayBatDau, NgayKetThuc, MoTa, SoLuongTNVToiDa, MucTieuTien, TrangThai, MaNguoiTao, GioToiThieuCN) VALUES ('Ngày hội Hiến Máu Tình Nguyện đợt 1/2025', DATE '2025-04-10', DATE '2025-04-10', 'Chung tay vì cộng đồng, hiến giọt máu đào trao đời sự sống.', 1000, 15000000, 'ChoDuyet', v_tk_dieuhanh(20), 4) RETURNING MaChienDich INTO v_tmp;
    v_cd_ids(20) := v_tmp;
    INSERT INTO BanDieuHanh(MaTaiKhoan, MaChienDich) VALUES (v_tk_dieuhanh(20), v_tmp);
    INSERT INTO CongViec(MaChienDich, TenCongViec, SoLuongTNVCan) VALUES (v_tmp, 'Ban truyen thong', 20) RETURNING MaCongViec INTO v_tmp2;
    v_cv_ids(39) := v_tmp2;
    INSERT INTO CongViec(MaChienDich, TenCongViec, SoLuongTNVCan) VALUES (v_tmp, 'Ban hau can', 30) RETURNING MaCongViec INTO v_tmp2;
    v_cv_ids(40) := v_tmp2;
    INSERT INTO TinTuc(MaChienDich, TieuDe, NoiDung, MaNguoiDang) VALUES (v_tmp, 'Phat dong Ngày hội Hiến Máu Tình Nguyện đợt 1/2025', 'Noi dung phat dong...', v_tk_dieuhanh(20));

    -- 7. THAM GIA TNV & PHAN CONG & DIEM DANH
    INSERT INTO ThamGiaTNV(MaTaiKhoan, MaChienDich, TrangThaiDuyet) VALUES (v_tk_tnv(39), v_cd_ids(1), 'HoanThanh') RETURNING MaThamGia INTO v_tmp;
    v_tg_ids(1) := v_tmp;
    INSERT INTO PhanCong(MaThamGia, MaCongViec, TrangThai) VALUES (v_tmp, v_cv_ids(1), 'DangThucHien') RETURNING MaPhanCong INTO v_tmp2;
    v_pc_ids(1) := v_tmp2;
    INSERT INTO DiemDanh(MaThamGia, NgayDiemDanh, TrangThai, SoGioGhiNhan) VALUES (v_tmp, DATE '2024-01-05', 'CoMat', 21);
    INSERT INTO ThamGiaTNV(MaTaiKhoan, MaChienDich, TrangThaiDuyet) VALUES (v_tk_tnv(30), v_cd_ids(1), 'HoanThanh') RETURNING MaThamGia INTO v_tmp;
    v_tg_ids(2) := v_tmp;
    INSERT INTO PhanCong(MaThamGia, MaCongViec, TrangThai) VALUES (v_tmp, v_cv_ids(1), 'DangThucHien') RETURNING MaPhanCong INTO v_tmp2;
    v_pc_ids(2) := v_tmp2;
    INSERT INTO DiemDanh(MaThamGia, NgayDiemDanh, TrangThai, SoGioGhiNhan) VALUES (v_tmp, DATE '2024-01-05', 'CoMat', 39);
    INSERT INTO ThamGiaTNV(MaTaiKhoan, MaChienDich, TrangThaiDuyet) VALUES (v_tk_tnv(10), v_cd_ids(1), 'HoanThanh') RETURNING MaThamGia INTO v_tmp;
    v_tg_ids(3) := v_tmp;
    INSERT INTO PhanCong(MaThamGia, MaCongViec, TrangThai) VALUES (v_tmp, v_cv_ids(2), 'DangThucHien') RETURNING MaPhanCong INTO v_tmp2;
    v_pc_ids(3) := v_tmp2;
    INSERT INTO DiemDanh(MaThamGia, NgayDiemDanh, TrangThai, SoGioGhiNhan) VALUES (v_tmp, DATE '2024-01-05', 'CoMat', 17);
    INSERT INTO ThamGiaTNV(MaTaiKhoan, MaChienDich, TrangThaiDuyet) VALUES (v_tk_tnv(49), v_cd_ids(1), 'HoanThanh') RETURNING MaThamGia INTO v_tmp;
    v_tg_ids(4) := v_tmp;
    INSERT INTO PhanCong(MaThamGia, MaCongViec, TrangThai) VALUES (v_tmp, v_cv_ids(2), 'DangThucHien') RETURNING MaPhanCong INTO v_tmp2;
    v_pc_ids(4) := v_tmp2;
    INSERT INTO DiemDanh(MaThamGia, NgayDiemDanh, TrangThai, SoGioGhiNhan) VALUES (v_tmp, DATE '2024-01-05', 'CoMat', 44);
    INSERT INTO ThamGiaTNV(MaTaiKhoan, MaChienDich, TrangThaiDuyet) VALUES (v_tk_tnv(12), v_cd_ids(1), 'HoanThanh') RETURNING MaThamGia INTO v_tmp;
    v_tg_ids(5) := v_tmp;
    INSERT INTO PhanCong(MaThamGia, MaCongViec, TrangThai) VALUES (v_tmp, v_cv_ids(2), 'DangThucHien') RETURNING MaPhanCong INTO v_tmp2;
    v_pc_ids(5) := v_tmp2;
    INSERT INTO DiemDanh(MaThamGia, NgayDiemDanh, TrangThai, SoGioGhiNhan) VALUES (v_tmp, DATE '2024-01-05', 'CoMat', 41);
    INSERT INTO ThamGiaTNV(MaTaiKhoan, MaChienDich, TrangThaiDuyet) VALUES (v_tk_tnv(32), v_cd_ids(1), 'HoanThanh') RETURNING MaThamGia INTO v_tmp;
    v_tg_ids(6) := v_tmp;
    INSERT INTO PhanCong(MaThamGia, MaCongViec, TrangThai) VALUES (v_tmp, v_cv_ids(1), 'DangThucHien') RETURNING MaPhanCong INTO v_tmp2;
    v_pc_ids(6) := v_tmp2;
    INSERT INTO DiemDanh(MaThamGia, NgayDiemDanh, TrangThai, SoGioGhiNhan) VALUES (v_tmp, DATE '2024-01-05', 'CoMat', 54);
    INSERT INTO ThamGiaTNV(MaTaiKhoan, MaChienDich, TrangThaiDuyet) VALUES (v_tk_tnv(16), v_cd_ids(1), 'HoanThanh') RETURNING MaThamGia INTO v_tmp;
    v_tg_ids(7) := v_tmp;
    INSERT INTO PhanCong(MaThamGia, MaCongViec, TrangThai) VALUES (v_tmp, v_cv_ids(1), 'DangThucHien') RETURNING MaPhanCong INTO v_tmp2;
    v_pc_ids(7) := v_tmp2;
    INSERT INTO DiemDanh(MaThamGia, NgayDiemDanh, TrangThai, SoGioGhiNhan) VALUES (v_tmp, DATE '2024-01-05', 'CoMat', 56);
    INSERT INTO ThamGiaTNV(MaTaiKhoan, MaChienDich, TrangThaiDuyet) VALUES (v_tk_tnv(26), v_cd_ids(1), 'HoanThanh') RETURNING MaThamGia INTO v_tmp;
    v_tg_ids(8) := v_tmp;
    INSERT INTO PhanCong(MaThamGia, MaCongViec, TrangThai) VALUES (v_tmp, v_cv_ids(1), 'DangThucHien') RETURNING MaPhanCong INTO v_tmp2;
    v_pc_ids(8) := v_tmp2;
    INSERT INTO DiemDanh(MaThamGia, NgayDiemDanh, TrangThai, SoGioGhiNhan) VALUES (v_tmp, DATE '2024-01-05', 'CoMat', 37);
    INSERT INTO ThamGiaTNV(MaTaiKhoan, MaChienDich, TrangThaiDuyet) VALUES (v_tk_tnv(29), v_cd_ids(1), 'HoanThanh') RETURNING MaThamGia INTO v_tmp;
    v_tg_ids(9) := v_tmp;
    INSERT INTO PhanCong(MaThamGia, MaCongViec, TrangThai) VALUES (v_tmp, v_cv_ids(2), 'DangThucHien') RETURNING MaPhanCong INTO v_tmp2;
    v_pc_ids(9) := v_tmp2;
    INSERT INTO DiemDanh(MaThamGia, NgayDiemDanh, TrangThai, SoGioGhiNhan) VALUES (v_tmp, DATE '2024-01-05', 'CoMat', 49);
    INSERT INTO ThamGiaTNV(MaTaiKhoan, MaChienDich, TrangThaiDuyet) VALUES (v_tk_tnv(20), v_cd_ids(1), 'HoanThanh') RETURNING MaThamGia INTO v_tmp;
    v_tg_ids(10) := v_tmp;
    INSERT INTO PhanCong(MaThamGia, MaCongViec, TrangThai) VALUES (v_tmp, v_cv_ids(1), 'DangThucHien') RETURNING MaPhanCong INTO v_tmp2;
    v_pc_ids(10) := v_tmp2;
    INSERT INTO DiemDanh(MaThamGia, NgayDiemDanh, TrangThai, SoGioGhiNhan) VALUES (v_tmp, DATE '2024-01-05', 'CoMat', 57);
    INSERT INTO ThamGiaTNV(MaTaiKhoan, MaChienDich, TrangThaiDuyet) VALUES (v_tk_tnv(44), v_cd_ids(2), 'HoanThanh') RETURNING MaThamGia INTO v_tmp;
    v_tg_ids(11) := v_tmp;
    INSERT INTO PhanCong(MaThamGia, MaCongViec, TrangThai) VALUES (v_tmp, v_cv_ids(4), 'DangThucHien') RETURNING MaPhanCong INTO v_tmp2;
    v_pc_ids(11) := v_tmp2;
    INSERT INTO DiemDanh(MaThamGia, NgayDiemDanh, TrangThai, SoGioGhiNhan) VALUES (v_tmp, DATE '2024-01-10', 'CoMat', 45);
    INSERT INTO ThamGiaTNV(MaTaiKhoan, MaChienDich, TrangThaiDuyet) VALUES (v_tk_tnv(37), v_cd_ids(2), 'HoanThanh') RETURNING MaThamGia INTO v_tmp;
    v_tg_ids(12) := v_tmp;
    INSERT INTO PhanCong(MaThamGia, MaCongViec, TrangThai) VALUES (v_tmp, v_cv_ids(4), 'DangThucHien') RETURNING MaPhanCong INTO v_tmp2;
    v_pc_ids(12) := v_tmp2;
    INSERT INTO DiemDanh(MaThamGia, NgayDiemDanh, TrangThai, SoGioGhiNhan) VALUES (v_tmp, DATE '2024-01-10', 'CoMat', 33);
    INSERT INTO ThamGiaTNV(MaTaiKhoan, MaChienDich, TrangThaiDuyet) VALUES (v_tk_tnv(41), v_cd_ids(2), 'HoanThanh') RETURNING MaThamGia INTO v_tmp;
    v_tg_ids(13) := v_tmp;
    INSERT INTO PhanCong(MaThamGia, MaCongViec, TrangThai) VALUES (v_tmp, v_cv_ids(4), 'DangThucHien') RETURNING MaPhanCong INTO v_tmp2;
    v_pc_ids(13) := v_tmp2;
    INSERT INTO DiemDanh(MaThamGia, NgayDiemDanh, TrangThai, SoGioGhiNhan) VALUES (v_tmp, DATE '2024-01-10', 'CoMat', 14);
    INSERT INTO ThamGiaTNV(MaTaiKhoan, MaChienDich, TrangThaiDuyet) VALUES (v_tk_tnv(48), v_cd_ids(2), 'HoanThanh') RETURNING MaThamGia INTO v_tmp;
    v_tg_ids(14) := v_tmp;
    INSERT INTO PhanCong(MaThamGia, MaCongViec, TrangThai) VALUES (v_tmp, v_cv_ids(3), 'DangThucHien') RETURNING MaPhanCong INTO v_tmp2;
    v_pc_ids(14) := v_tmp2;
    INSERT INTO DiemDanh(MaThamGia, NgayDiemDanh, TrangThai, SoGioGhiNhan) VALUES (v_tmp, DATE '2024-01-10', 'CoMat', 21);
    INSERT INTO ThamGiaTNV(MaTaiKhoan, MaChienDich, TrangThaiDuyet) VALUES (v_tk_tnv(27), v_cd_ids(2), 'HoanThanh') RETURNING MaThamGia INTO v_tmp;
    v_tg_ids(15) := v_tmp;
    INSERT INTO PhanCong(MaThamGia, MaCongViec, TrangThai) VALUES (v_tmp, v_cv_ids(4), 'DangThucHien') RETURNING MaPhanCong INTO v_tmp2;
    v_pc_ids(15) := v_tmp2;
    INSERT INTO DiemDanh(MaThamGia, NgayDiemDanh, TrangThai, SoGioGhiNhan) VALUES (v_tmp, DATE '2024-01-10', 'CoMat', 16);
    INSERT INTO ThamGiaTNV(MaTaiKhoan, MaChienDich, TrangThaiDuyet) VALUES (v_tk_tnv(39), v_cd_ids(2), 'HoanThanh') RETURNING MaThamGia INTO v_tmp;
    v_tg_ids(16) := v_tmp;
    INSERT INTO PhanCong(MaThamGia, MaCongViec, TrangThai) VALUES (v_tmp, v_cv_ids(4), 'DangThucHien') RETURNING MaPhanCong INTO v_tmp2;
    v_pc_ids(16) := v_tmp2;
    INSERT INTO DiemDanh(MaThamGia, NgayDiemDanh, TrangThai, SoGioGhiNhan) VALUES (v_tmp, DATE '2024-01-10', 'CoMat', 10);
    INSERT INTO ThamGiaTNV(MaTaiKhoan, MaChienDich, TrangThaiDuyet) VALUES (v_tk_tnv(3), v_cd_ids(2), 'HoanThanh') RETURNING MaThamGia INTO v_tmp;
    v_tg_ids(17) := v_tmp;
    INSERT INTO PhanCong(MaThamGia, MaCongViec, TrangThai) VALUES (v_tmp, v_cv_ids(3), 'DangThucHien') RETURNING MaPhanCong INTO v_tmp2;
    v_pc_ids(17) := v_tmp2;
    INSERT INTO DiemDanh(MaThamGia, NgayDiemDanh, TrangThai, SoGioGhiNhan) VALUES (v_tmp, DATE '2024-01-10', 'CoMat', 47);
    INSERT INTO ThamGiaTNV(MaTaiKhoan, MaChienDich, TrangThaiDuyet) VALUES (v_tk_tnv(14), v_cd_ids(2), 'HoanThanh') RETURNING MaThamGia INTO v_tmp;
    v_tg_ids(18) := v_tmp;
    INSERT INTO PhanCong(MaThamGia, MaCongViec, TrangThai) VALUES (v_tmp, v_cv_ids(3), 'DangThucHien') RETURNING MaPhanCong INTO v_tmp2;
    v_pc_ids(18) := v_tmp2;
    INSERT INTO DiemDanh(MaThamGia, NgayDiemDanh, TrangThai, SoGioGhiNhan) VALUES (v_tmp, DATE '2024-01-10', 'CoMat', 40);
    INSERT INTO ThamGiaTNV(MaTaiKhoan, MaChienDich, TrangThaiDuyet) VALUES (v_tk_tnv(20), v_cd_ids(2), 'HoanThanh') RETURNING MaThamGia INTO v_tmp;
    v_tg_ids(19) := v_tmp;
    INSERT INTO PhanCong(MaThamGia, MaCongViec, TrangThai) VALUES (v_tmp, v_cv_ids(3), 'DangThucHien') RETURNING MaPhanCong INTO v_tmp2;
    v_pc_ids(19) := v_tmp2;
    INSERT INTO DiemDanh(MaThamGia, NgayDiemDanh, TrangThai, SoGioGhiNhan) VALUES (v_tmp, DATE '2024-01-10', 'CoMat', 60);
    INSERT INTO ThamGiaTNV(MaTaiKhoan, MaChienDich, TrangThaiDuyet) VALUES (v_tk_tnv(15), v_cd_ids(2), 'HoanThanh') RETURNING MaThamGia INTO v_tmp;
    v_tg_ids(20) := v_tmp;
    INSERT INTO PhanCong(MaThamGia, MaCongViec, TrangThai) VALUES (v_tmp, v_cv_ids(4), 'DangThucHien') RETURNING MaPhanCong INTO v_tmp2;
    v_pc_ids(20) := v_tmp2;
    INSERT INTO DiemDanh(MaThamGia, NgayDiemDanh, TrangThai, SoGioGhiNhan) VALUES (v_tmp, DATE '2024-01-10', 'CoMat', 20);
    INSERT INTO ThamGiaTNV(MaTaiKhoan, MaChienDich, TrangThaiDuyet) VALUES (v_tk_tnv(36), v_cd_ids(3), 'HoanThanh') RETURNING MaThamGia INTO v_tmp;
    v_tg_ids(21) := v_tmp;
    INSERT INTO PhanCong(MaThamGia, MaCongViec, TrangThai) VALUES (v_tmp, v_cv_ids(6), 'DangThucHien') RETURNING MaPhanCong INTO v_tmp2;
    v_pc_ids(21) := v_tmp2;
    INSERT INTO DiemDanh(MaThamGia, NgayDiemDanh, TrangThai, SoGioGhiNhan) VALUES (v_tmp, DATE '2024-07-01', 'CoMat', 57);
    INSERT INTO ThamGiaTNV(MaTaiKhoan, MaChienDich, TrangThaiDuyet) VALUES (v_tk_tnv(33), v_cd_ids(3), 'HoanThanh') RETURNING MaThamGia INTO v_tmp;
    v_tg_ids(22) := v_tmp;
    INSERT INTO PhanCong(MaThamGia, MaCongViec, TrangThai) VALUES (v_tmp, v_cv_ids(5), 'DangThucHien') RETURNING MaPhanCong INTO v_tmp2;
    v_pc_ids(22) := v_tmp2;
    INSERT INTO DiemDanh(MaThamGia, NgayDiemDanh, TrangThai, SoGioGhiNhan) VALUES (v_tmp, DATE '2024-07-01', 'CoMat', 13);
    INSERT INTO ThamGiaTNV(MaTaiKhoan, MaChienDich, TrangThaiDuyet) VALUES (v_tk_tnv(43), v_cd_ids(3), 'HoanThanh') RETURNING MaThamGia INTO v_tmp;
    v_tg_ids(23) := v_tmp;
    INSERT INTO PhanCong(MaThamGia, MaCongViec, TrangThai) VALUES (v_tmp, v_cv_ids(6), 'DangThucHien') RETURNING MaPhanCong INTO v_tmp2;
    v_pc_ids(23) := v_tmp2;
    INSERT INTO DiemDanh(MaThamGia, NgayDiemDanh, TrangThai, SoGioGhiNhan) VALUES (v_tmp, DATE '2024-07-01', 'CoMat', 39);
    INSERT INTO ThamGiaTNV(MaTaiKhoan, MaChienDich, TrangThaiDuyet) VALUES (v_tk_tnv(1), v_cd_ids(3), 'HoanThanh') RETURNING MaThamGia INTO v_tmp;
    v_tg_ids(24) := v_tmp;
    INSERT INTO PhanCong(MaThamGia, MaCongViec, TrangThai) VALUES (v_tmp, v_cv_ids(5), 'DangThucHien') RETURNING MaPhanCong INTO v_tmp2;
    v_pc_ids(24) := v_tmp2;
    INSERT INTO DiemDanh(MaThamGia, NgayDiemDanh, TrangThai, SoGioGhiNhan) VALUES (v_tmp, DATE '2024-07-01', 'CoMat', 24);
    INSERT INTO ThamGiaTNV(MaTaiKhoan, MaChienDich, TrangThaiDuyet) VALUES (v_tk_tnv(4), v_cd_ids(3), 'HoanThanh') RETURNING MaThamGia INTO v_tmp;
    v_tg_ids(25) := v_tmp;
    INSERT INTO PhanCong(MaThamGia, MaCongViec, TrangThai) VALUES (v_tmp, v_cv_ids(6), 'DangThucHien') RETURNING MaPhanCong INTO v_tmp2;
    v_pc_ids(25) := v_tmp2;
    INSERT INTO DiemDanh(MaThamGia, NgayDiemDanh, TrangThai, SoGioGhiNhan) VALUES (v_tmp, DATE '2024-07-01', 'CoMat', 12);
    INSERT INTO ThamGiaTNV(MaTaiKhoan, MaChienDich, TrangThaiDuyet) VALUES (v_tk_tnv(10), v_cd_ids(3), 'HoanThanh') RETURNING MaThamGia INTO v_tmp;
    v_tg_ids(26) := v_tmp;
    INSERT INTO PhanCong(MaThamGia, MaCongViec, TrangThai) VALUES (v_tmp, v_cv_ids(6), 'DangThucHien') RETURNING MaPhanCong INTO v_tmp2;
    v_pc_ids(26) := v_tmp2;
    INSERT INTO DiemDanh(MaThamGia, NgayDiemDanh, TrangThai, SoGioGhiNhan) VALUES (v_tmp, DATE '2024-07-01', 'CoMat', 24);
    INSERT INTO ThamGiaTNV(MaTaiKhoan, MaChienDich, TrangThaiDuyet) VALUES (v_tk_tnv(38), v_cd_ids(3), 'HoanThanh') RETURNING MaThamGia INTO v_tmp;
    v_tg_ids(27) := v_tmp;
    INSERT INTO PhanCong(MaThamGia, MaCongViec, TrangThai) VALUES (v_tmp, v_cv_ids(6), 'DangThucHien') RETURNING MaPhanCong INTO v_tmp2;
    v_pc_ids(27) := v_tmp2;
    INSERT INTO DiemDanh(MaThamGia, NgayDiemDanh, TrangThai, SoGioGhiNhan) VALUES (v_tmp, DATE '2024-07-01', 'CoMat', 52);
    INSERT INTO ThamGiaTNV(MaTaiKhoan, MaChienDich, TrangThaiDuyet) VALUES (v_tk_tnv(22), v_cd_ids(3), 'HoanThanh') RETURNING MaThamGia INTO v_tmp;
    v_tg_ids(28) := v_tmp;
    INSERT INTO PhanCong(MaThamGia, MaCongViec, TrangThai) VALUES (v_tmp, v_cv_ids(5), 'DangThucHien') RETURNING MaPhanCong INTO v_tmp2;
    v_pc_ids(28) := v_tmp2;
    INSERT INTO DiemDanh(MaThamGia, NgayDiemDanh, TrangThai, SoGioGhiNhan) VALUES (v_tmp, DATE '2024-07-01', 'CoMat', 48);
    INSERT INTO ThamGiaTNV(MaTaiKhoan, MaChienDich, TrangThaiDuyet) VALUES (v_tk_tnv(45), v_cd_ids(3), 'HoanThanh') RETURNING MaThamGia INTO v_tmp;
    v_tg_ids(29) := v_tmp;
    INSERT INTO PhanCong(MaThamGia, MaCongViec, TrangThai) VALUES (v_tmp, v_cv_ids(6), 'DangThucHien') RETURNING MaPhanCong INTO v_tmp2;
    v_pc_ids(29) := v_tmp2;
    INSERT INTO DiemDanh(MaThamGia, NgayDiemDanh, TrangThai, SoGioGhiNhan) VALUES (v_tmp, DATE '2024-07-01', 'CoMat', 55);
    INSERT INTO ThamGiaTNV(MaTaiKhoan, MaChienDich, TrangThaiDuyet) VALUES (v_tk_tnv(46), v_cd_ids(3), 'HoanThanh') RETURNING MaThamGia INTO v_tmp;
    v_tg_ids(30) := v_tmp;
    INSERT INTO PhanCong(MaThamGia, MaCongViec, TrangThai) VALUES (v_tmp, v_cv_ids(5), 'DangThucHien') RETURNING MaPhanCong INTO v_tmp2;
    v_pc_ids(30) := v_tmp2;
    INSERT INTO DiemDanh(MaThamGia, NgayDiemDanh, TrangThai, SoGioGhiNhan) VALUES (v_tmp, DATE '2024-07-01', 'CoMat', 36);
    INSERT INTO ThamGiaTNV(MaTaiKhoan, MaChienDich, TrangThaiDuyet) VALUES (v_tk_tnv(48), v_cd_ids(4), 'HoanThanh') RETURNING MaThamGia INTO v_tmp;
    v_tg_ids(31) := v_tmp;
    INSERT INTO PhanCong(MaThamGia, MaCongViec, TrangThai) VALUES (v_tmp, v_cv_ids(8), 'DangThucHien') RETURNING MaPhanCong INTO v_tmp2;
    v_pc_ids(31) := v_tmp2;
    INSERT INTO DiemDanh(MaThamGia, NgayDiemDanh, TrangThai, SoGioGhiNhan) VALUES (v_tmp, DATE '2024-07-05', 'CoMat', 28);
    INSERT INTO ThamGiaTNV(MaTaiKhoan, MaChienDich, TrangThaiDuyet) VALUES (v_tk_tnv(27), v_cd_ids(4), 'HoanThanh') RETURNING MaThamGia INTO v_tmp;
    v_tg_ids(32) := v_tmp;
    INSERT INTO PhanCong(MaThamGia, MaCongViec, TrangThai) VALUES (v_tmp, v_cv_ids(8), 'DangThucHien') RETURNING MaPhanCong INTO v_tmp2;
    v_pc_ids(32) := v_tmp2;
    INSERT INTO DiemDanh(MaThamGia, NgayDiemDanh, TrangThai, SoGioGhiNhan) VALUES (v_tmp, DATE '2024-07-05', 'CoMat', 34);
    INSERT INTO ThamGiaTNV(MaTaiKhoan, MaChienDich, TrangThaiDuyet) VALUES (v_tk_tnv(24), v_cd_ids(4), 'HoanThanh') RETURNING MaThamGia INTO v_tmp;
    v_tg_ids(33) := v_tmp;
    INSERT INTO PhanCong(MaThamGia, MaCongViec, TrangThai) VALUES (v_tmp, v_cv_ids(8), 'DangThucHien') RETURNING MaPhanCong INTO v_tmp2;
    v_pc_ids(33) := v_tmp2;
    INSERT INTO DiemDanh(MaThamGia, NgayDiemDanh, TrangThai, SoGioGhiNhan) VALUES (v_tmp, DATE '2024-07-05', 'CoMat', 41);
    INSERT INTO ThamGiaTNV(MaTaiKhoan, MaChienDich, TrangThaiDuyet) VALUES (v_tk_tnv(25), v_cd_ids(4), 'HoanThanh') RETURNING MaThamGia INTO v_tmp;
    v_tg_ids(34) := v_tmp;
    INSERT INTO PhanCong(MaThamGia, MaCongViec, TrangThai) VALUES (v_tmp, v_cv_ids(8), 'DangThucHien') RETURNING MaPhanCong INTO v_tmp2;
    v_pc_ids(34) := v_tmp2;
    INSERT INTO DiemDanh(MaThamGia, NgayDiemDanh, TrangThai, SoGioGhiNhan) VALUES (v_tmp, DATE '2024-07-05', 'CoMat', 46);
    INSERT INTO ThamGiaTNV(MaTaiKhoan, MaChienDich, TrangThaiDuyet) VALUES (v_tk_tnv(50), v_cd_ids(4), 'HoanThanh') RETURNING MaThamGia INTO v_tmp;
    v_tg_ids(35) := v_tmp;
    INSERT INTO PhanCong(MaThamGia, MaCongViec, TrangThai) VALUES (v_tmp, v_cv_ids(8), 'DangThucHien') RETURNING MaPhanCong INTO v_tmp2;
    v_pc_ids(35) := v_tmp2;
    INSERT INTO DiemDanh(MaThamGia, NgayDiemDanh, TrangThai, SoGioGhiNhan) VALUES (v_tmp, DATE '2024-07-05', 'CoMat', 41);
    INSERT INTO ThamGiaTNV(MaTaiKhoan, MaChienDich, TrangThaiDuyet) VALUES (v_tk_tnv(30), v_cd_ids(4), 'HoanThanh') RETURNING MaThamGia INTO v_tmp;
    v_tg_ids(36) := v_tmp;
    INSERT INTO PhanCong(MaThamGia, MaCongViec, TrangThai) VALUES (v_tmp, v_cv_ids(8), 'DangThucHien') RETURNING MaPhanCong INTO v_tmp2;
    v_pc_ids(36) := v_tmp2;
    INSERT INTO DiemDanh(MaThamGia, NgayDiemDanh, TrangThai, SoGioGhiNhan) VALUES (v_tmp, DATE '2024-07-05', 'CoMat', 15);
    INSERT INTO ThamGiaTNV(MaTaiKhoan, MaChienDich, TrangThaiDuyet) VALUES (v_tk_tnv(21), v_cd_ids(4), 'HoanThanh') RETURNING MaThamGia INTO v_tmp;
    v_tg_ids(37) := v_tmp;
    INSERT INTO PhanCong(MaThamGia, MaCongViec, TrangThai) VALUES (v_tmp, v_cv_ids(7), 'DangThucHien') RETURNING MaPhanCong INTO v_tmp2;
    v_pc_ids(37) := v_tmp2;
    INSERT INTO DiemDanh(MaThamGia, NgayDiemDanh, TrangThai, SoGioGhiNhan) VALUES (v_tmp, DATE '2024-07-05', 'CoMat', 24);
    INSERT INTO ThamGiaTNV(MaTaiKhoan, MaChienDich, TrangThaiDuyet) VALUES (v_tk_tnv(37), v_cd_ids(4), 'HoanThanh') RETURNING MaThamGia INTO v_tmp;
    v_tg_ids(38) := v_tmp;
    INSERT INTO PhanCong(MaThamGia, MaCongViec, TrangThai) VALUES (v_tmp, v_cv_ids(8), 'DangThucHien') RETURNING MaPhanCong INTO v_tmp2;
    v_pc_ids(38) := v_tmp2;
    INSERT INTO DiemDanh(MaThamGia, NgayDiemDanh, TrangThai, SoGioGhiNhan) VALUES (v_tmp, DATE '2024-07-05', 'CoMat', 42);
    INSERT INTO ThamGiaTNV(MaTaiKhoan, MaChienDich, TrangThaiDuyet) VALUES (v_tk_tnv(8), v_cd_ids(4), 'HoanThanh') RETURNING MaThamGia INTO v_tmp;
    v_tg_ids(39) := v_tmp;
    INSERT INTO PhanCong(MaThamGia, MaCongViec, TrangThai) VALUES (v_tmp, v_cv_ids(7), 'DangThucHien') RETURNING MaPhanCong INTO v_tmp2;
    v_pc_ids(39) := v_tmp2;
    INSERT INTO DiemDanh(MaThamGia, NgayDiemDanh, TrangThai, SoGioGhiNhan) VALUES (v_tmp, DATE '2024-07-05', 'CoMat', 52);
    INSERT INTO ThamGiaTNV(MaTaiKhoan, MaChienDich, TrangThaiDuyet) VALUES (v_tk_tnv(47), v_cd_ids(4), 'HoanThanh') RETURNING MaThamGia INTO v_tmp;
    v_tg_ids(40) := v_tmp;
    INSERT INTO PhanCong(MaThamGia, MaCongViec, TrangThai) VALUES (v_tmp, v_cv_ids(8), 'DangThucHien') RETURNING MaPhanCong INTO v_tmp2;
    v_pc_ids(40) := v_tmp2;
    INSERT INTO DiemDanh(MaThamGia, NgayDiemDanh, TrangThai, SoGioGhiNhan) VALUES (v_tmp, DATE '2024-07-05', 'CoMat', 60);
    INSERT INTO ThamGiaTNV(MaTaiKhoan, MaChienDich, TrangThaiDuyet) VALUES (v_tk_tnv(25), v_cd_ids(5), 'HoanThanh') RETURNING MaThamGia INTO v_tmp;
    v_tg_ids(41) := v_tmp;
    INSERT INTO PhanCong(MaThamGia, MaCongViec, TrangThai) VALUES (v_tmp, v_cv_ids(9), 'DangThucHien') RETURNING MaPhanCong INTO v_tmp2;
    v_pc_ids(41) := v_tmp2;
    INSERT INTO DiemDanh(MaThamGia, NgayDiemDanh, TrangThai, SoGioGhiNhan) VALUES (v_tmp, DATE '2024-07-10', 'CoMat', 18);
    INSERT INTO ThamGiaTNV(MaTaiKhoan, MaChienDich, TrangThaiDuyet) VALUES (v_tk_tnv(47), v_cd_ids(5), 'HoanThanh') RETURNING MaThamGia INTO v_tmp;
    v_tg_ids(42) := v_tmp;
    INSERT INTO PhanCong(MaThamGia, MaCongViec, TrangThai) VALUES (v_tmp, v_cv_ids(10), 'DangThucHien') RETURNING MaPhanCong INTO v_tmp2;
    v_pc_ids(42) := v_tmp2;
    INSERT INTO DiemDanh(MaThamGia, NgayDiemDanh, TrangThai, SoGioGhiNhan) VALUES (v_tmp, DATE '2024-07-10', 'CoMat', 18);
    INSERT INTO ThamGiaTNV(MaTaiKhoan, MaChienDich, TrangThaiDuyet) VALUES (v_tk_tnv(6), v_cd_ids(5), 'HoanThanh') RETURNING MaThamGia INTO v_tmp;
    v_tg_ids(43) := v_tmp;
    INSERT INTO PhanCong(MaThamGia, MaCongViec, TrangThai) VALUES (v_tmp, v_cv_ids(9), 'DangThucHien') RETURNING MaPhanCong INTO v_tmp2;
    v_pc_ids(43) := v_tmp2;
    INSERT INTO DiemDanh(MaThamGia, NgayDiemDanh, TrangThai, SoGioGhiNhan) VALUES (v_tmp, DATE '2024-07-10', 'CoMat', 39);
    INSERT INTO ThamGiaTNV(MaTaiKhoan, MaChienDich, TrangThaiDuyet) VALUES (v_tk_tnv(26), v_cd_ids(5), 'HoanThanh') RETURNING MaThamGia INTO v_tmp;
    v_tg_ids(44) := v_tmp;
    INSERT INTO PhanCong(MaThamGia, MaCongViec, TrangThai) VALUES (v_tmp, v_cv_ids(9), 'DangThucHien') RETURNING MaPhanCong INTO v_tmp2;
    v_pc_ids(44) := v_tmp2;
    INSERT INTO DiemDanh(MaThamGia, NgayDiemDanh, TrangThai, SoGioGhiNhan) VALUES (v_tmp, DATE '2024-07-10', 'CoMat', 12);
    INSERT INTO ThamGiaTNV(MaTaiKhoan, MaChienDich, TrangThaiDuyet) VALUES (v_tk_tnv(29), v_cd_ids(5), 'HoanThanh') RETURNING MaThamGia INTO v_tmp;
    v_tg_ids(45) := v_tmp;
    INSERT INTO PhanCong(MaThamGia, MaCongViec, TrangThai) VALUES (v_tmp, v_cv_ids(10), 'DangThucHien') RETURNING MaPhanCong INTO v_tmp2;
    v_pc_ids(45) := v_tmp2;
    INSERT INTO DiemDanh(MaThamGia, NgayDiemDanh, TrangThai, SoGioGhiNhan) VALUES (v_tmp, DATE '2024-07-10', 'CoMat', 47);
    INSERT INTO ThamGiaTNV(MaTaiKhoan, MaChienDich, TrangThaiDuyet) VALUES (v_tk_tnv(32), v_cd_ids(5), 'HoanThanh') RETURNING MaThamGia INTO v_tmp;
    v_tg_ids(46) := v_tmp;
    INSERT INTO PhanCong(MaThamGia, MaCongViec, TrangThai) VALUES (v_tmp, v_cv_ids(10), 'DangThucHien') RETURNING MaPhanCong INTO v_tmp2;
    v_pc_ids(46) := v_tmp2;
    INSERT INTO DiemDanh(MaThamGia, NgayDiemDanh, TrangThai, SoGioGhiNhan) VALUES (v_tmp, DATE '2024-07-10', 'CoMat', 22);
    INSERT INTO ThamGiaTNV(MaTaiKhoan, MaChienDich, TrangThaiDuyet) VALUES (v_tk_tnv(45), v_cd_ids(5), 'HoanThanh') RETURNING MaThamGia INTO v_tmp;
    v_tg_ids(47) := v_tmp;
    INSERT INTO PhanCong(MaThamGia, MaCongViec, TrangThai) VALUES (v_tmp, v_cv_ids(10), 'DangThucHien') RETURNING MaPhanCong INTO v_tmp2;
    v_pc_ids(47) := v_tmp2;
    INSERT INTO DiemDanh(MaThamGia, NgayDiemDanh, TrangThai, SoGioGhiNhan) VALUES (v_tmp, DATE '2024-07-10', 'CoMat', 43);
    INSERT INTO ThamGiaTNV(MaTaiKhoan, MaChienDich, TrangThaiDuyet) VALUES (v_tk_tnv(28), v_cd_ids(5), 'HoanThanh') RETURNING MaThamGia INTO v_tmp;
    v_tg_ids(48) := v_tmp;
    INSERT INTO PhanCong(MaThamGia, MaCongViec, TrangThai) VALUES (v_tmp, v_cv_ids(10), 'DangThucHien') RETURNING MaPhanCong INTO v_tmp2;
    v_pc_ids(48) := v_tmp2;
    INSERT INTO DiemDanh(MaThamGia, NgayDiemDanh, TrangThai, SoGioGhiNhan) VALUES (v_tmp, DATE '2024-07-10', 'CoMat', 15);
    INSERT INTO ThamGiaTNV(MaTaiKhoan, MaChienDich, TrangThaiDuyet) VALUES (v_tk_tnv(19), v_cd_ids(5), 'HoanThanh') RETURNING MaThamGia INTO v_tmp;
    v_tg_ids(49) := v_tmp;
    INSERT INTO PhanCong(MaThamGia, MaCongViec, TrangThai) VALUES (v_tmp, v_cv_ids(9), 'DangThucHien') RETURNING MaPhanCong INTO v_tmp2;
    v_pc_ids(49) := v_tmp2;
    INSERT INTO DiemDanh(MaThamGia, NgayDiemDanh, TrangThai, SoGioGhiNhan) VALUES (v_tmp, DATE '2024-07-10', 'CoMat', 43);
    INSERT INTO ThamGiaTNV(MaTaiKhoan, MaChienDich, TrangThaiDuyet) VALUES (v_tk_tnv(24), v_cd_ids(5), 'HoanThanh') RETURNING MaThamGia INTO v_tmp;
    v_tg_ids(50) := v_tmp;
    INSERT INTO PhanCong(MaThamGia, MaCongViec, TrangThai) VALUES (v_tmp, v_cv_ids(10), 'DangThucHien') RETURNING MaPhanCong INTO v_tmp2;
    v_pc_ids(50) := v_tmp2;
    INSERT INTO DiemDanh(MaThamGia, NgayDiemDanh, TrangThai, SoGioGhiNhan) VALUES (v_tmp, DATE '2024-07-10', 'CoMat', 15);
    INSERT INTO ThamGiaTNV(MaTaiKhoan, MaChienDich, TrangThaiDuyet) VALUES (v_tk_tnv(29), v_cd_ids(6), 'HoanThanh') RETURNING MaThamGia INTO v_tmp;
    v_tg_ids(51) := v_tmp;
    INSERT INTO PhanCong(MaThamGia, MaCongViec, TrangThai) VALUES (v_tmp, v_cv_ids(12), 'DangThucHien') RETURNING MaPhanCong INTO v_tmp2;
    v_pc_ids(51) := v_tmp2;
    INSERT INTO DiemDanh(MaThamGia, NgayDiemDanh, TrangThai, SoGioGhiNhan) VALUES (v_tmp, DATE '2024-06-25', 'CoMat', 52);
    INSERT INTO ThamGiaTNV(MaTaiKhoan, MaChienDich, TrangThaiDuyet) VALUES (v_tk_tnv(38), v_cd_ids(6), 'HoanThanh') RETURNING MaThamGia INTO v_tmp;
    v_tg_ids(52) := v_tmp;
    INSERT INTO PhanCong(MaThamGia, MaCongViec, TrangThai) VALUES (v_tmp, v_cv_ids(12), 'DangThucHien') RETURNING MaPhanCong INTO v_tmp2;
    v_pc_ids(52) := v_tmp2;
    INSERT INTO DiemDanh(MaThamGia, NgayDiemDanh, TrangThai, SoGioGhiNhan) VALUES (v_tmp, DATE '2024-06-25', 'CoMat', 21);
    INSERT INTO ThamGiaTNV(MaTaiKhoan, MaChienDich, TrangThaiDuyet) VALUES (v_tk_tnv(2), v_cd_ids(6), 'HoanThanh') RETURNING MaThamGia INTO v_tmp;
    v_tg_ids(53) := v_tmp;
    INSERT INTO PhanCong(MaThamGia, MaCongViec, TrangThai) VALUES (v_tmp, v_cv_ids(12), 'DangThucHien') RETURNING MaPhanCong INTO v_tmp2;
    v_pc_ids(53) := v_tmp2;
    INSERT INTO DiemDanh(MaThamGia, NgayDiemDanh, TrangThai, SoGioGhiNhan) VALUES (v_tmp, DATE '2024-06-25', 'CoMat', 44);
    INSERT INTO ThamGiaTNV(MaTaiKhoan, MaChienDich, TrangThaiDuyet) VALUES (v_tk_tnv(34), v_cd_ids(6), 'HoanThanh') RETURNING MaThamGia INTO v_tmp;
    v_tg_ids(54) := v_tmp;
    INSERT INTO PhanCong(MaThamGia, MaCongViec, TrangThai) VALUES (v_tmp, v_cv_ids(12), 'DangThucHien') RETURNING MaPhanCong INTO v_tmp2;
    v_pc_ids(54) := v_tmp2;
    INSERT INTO DiemDanh(MaThamGia, NgayDiemDanh, TrangThai, SoGioGhiNhan) VALUES (v_tmp, DATE '2024-06-25', 'CoMat', 39);
    INSERT INTO ThamGiaTNV(MaTaiKhoan, MaChienDich, TrangThaiDuyet) VALUES (v_tk_tnv(12), v_cd_ids(6), 'HoanThanh') RETURNING MaThamGia INTO v_tmp;
    v_tg_ids(55) := v_tmp;
    INSERT INTO PhanCong(MaThamGia, MaCongViec, TrangThai) VALUES (v_tmp, v_cv_ids(12), 'DangThucHien') RETURNING MaPhanCong INTO v_tmp2;
    v_pc_ids(55) := v_tmp2;
    INSERT INTO DiemDanh(MaThamGia, NgayDiemDanh, TrangThai, SoGioGhiNhan) VALUES (v_tmp, DATE '2024-06-25', 'CoMat', 45);
    INSERT INTO ThamGiaTNV(MaTaiKhoan, MaChienDich, TrangThaiDuyet) VALUES (v_tk_tnv(47), v_cd_ids(6), 'HoanThanh') RETURNING MaThamGia INTO v_tmp;
    v_tg_ids(56) := v_tmp;
    INSERT INTO PhanCong(MaThamGia, MaCongViec, TrangThai) VALUES (v_tmp, v_cv_ids(11), 'DangThucHien') RETURNING MaPhanCong INTO v_tmp2;
    v_pc_ids(56) := v_tmp2;
    INSERT INTO DiemDanh(MaThamGia, NgayDiemDanh, TrangThai, SoGioGhiNhan) VALUES (v_tmp, DATE '2024-06-25', 'CoMat', 40);
    INSERT INTO ThamGiaTNV(MaTaiKhoan, MaChienDich, TrangThaiDuyet) VALUES (v_tk_tnv(21), v_cd_ids(6), 'HoanThanh') RETURNING MaThamGia INTO v_tmp;
    v_tg_ids(57) := v_tmp;
    INSERT INTO PhanCong(MaThamGia, MaCongViec, TrangThai) VALUES (v_tmp, v_cv_ids(12), 'DangThucHien') RETURNING MaPhanCong INTO v_tmp2;
    v_pc_ids(57) := v_tmp2;
    INSERT INTO DiemDanh(MaThamGia, NgayDiemDanh, TrangThai, SoGioGhiNhan) VALUES (v_tmp, DATE '2024-06-25', 'CoMat', 15);
    INSERT INTO ThamGiaTNV(MaTaiKhoan, MaChienDich, TrangThaiDuyet) VALUES (v_tk_tnv(50), v_cd_ids(6), 'HoanThanh') RETURNING MaThamGia INTO v_tmp;
    v_tg_ids(58) := v_tmp;
    INSERT INTO PhanCong(MaThamGia, MaCongViec, TrangThai) VALUES (v_tmp, v_cv_ids(11), 'DangThucHien') RETURNING MaPhanCong INTO v_tmp2;
    v_pc_ids(58) := v_tmp2;
    INSERT INTO DiemDanh(MaThamGia, NgayDiemDanh, TrangThai, SoGioGhiNhan) VALUES (v_tmp, DATE '2024-06-25', 'CoMat', 19);
    INSERT INTO ThamGiaTNV(MaTaiKhoan, MaChienDich, TrangThaiDuyet) VALUES (v_tk_tnv(32), v_cd_ids(6), 'HoanThanh') RETURNING MaThamGia INTO v_tmp;
    v_tg_ids(59) := v_tmp;
    INSERT INTO PhanCong(MaThamGia, MaCongViec, TrangThai) VALUES (v_tmp, v_cv_ids(11), 'DangThucHien') RETURNING MaPhanCong INTO v_tmp2;
    v_pc_ids(59) := v_tmp2;
    INSERT INTO DiemDanh(MaThamGia, NgayDiemDanh, TrangThai, SoGioGhiNhan) VALUES (v_tmp, DATE '2024-06-25', 'CoMat', 47);
    INSERT INTO ThamGiaTNV(MaTaiKhoan, MaChienDich, TrangThaiDuyet) VALUES (v_tk_tnv(11), v_cd_ids(6), 'HoanThanh') RETURNING MaThamGia INTO v_tmp;
    v_tg_ids(60) := v_tmp;
    INSERT INTO PhanCong(MaThamGia, MaCongViec, TrangThai) VALUES (v_tmp, v_cv_ids(11), 'DangThucHien') RETURNING MaPhanCong INTO v_tmp2;
    v_pc_ids(60) := v_tmp2;
    INSERT INTO DiemDanh(MaThamGia, NgayDiemDanh, TrangThai, SoGioGhiNhan) VALUES (v_tmp, DATE '2024-06-25', 'CoMat', 58);
    INSERT INTO ThamGiaTNV(MaTaiKhoan, MaChienDich, TrangThaiDuyet) VALUES (v_tk_tnv(17), v_cd_ids(7), 'HoanThanh') RETURNING MaThamGia INTO v_tmp;
    v_tg_ids(61) := v_tmp;
    INSERT INTO PhanCong(MaThamGia, MaCongViec, TrangThai) VALUES (v_tmp, v_cv_ids(14), 'DangThucHien') RETURNING MaPhanCong INTO v_tmp2;
    v_pc_ids(61) := v_tmp2;
    INSERT INTO DiemDanh(MaThamGia, NgayDiemDanh, TrangThai, SoGioGhiNhan) VALUES (v_tmp, DATE '2024-03-10', 'CoMat', 36);
    INSERT INTO ThamGiaTNV(MaTaiKhoan, MaChienDich, TrangThaiDuyet) VALUES (v_tk_tnv(22), v_cd_ids(7), 'HoanThanh') RETURNING MaThamGia INTO v_tmp;
    v_tg_ids(62) := v_tmp;
    INSERT INTO PhanCong(MaThamGia, MaCongViec, TrangThai) VALUES (v_tmp, v_cv_ids(14), 'DangThucHien') RETURNING MaPhanCong INTO v_tmp2;
    v_pc_ids(62) := v_tmp2;
    INSERT INTO DiemDanh(MaThamGia, NgayDiemDanh, TrangThai, SoGioGhiNhan) VALUES (v_tmp, DATE '2024-03-10', 'CoMat', 37);
    INSERT INTO ThamGiaTNV(MaTaiKhoan, MaChienDich, TrangThaiDuyet) VALUES (v_tk_tnv(43), v_cd_ids(7), 'HoanThanh') RETURNING MaThamGia INTO v_tmp;
    v_tg_ids(63) := v_tmp;
    INSERT INTO PhanCong(MaThamGia, MaCongViec, TrangThai) VALUES (v_tmp, v_cv_ids(14), 'DangThucHien') RETURNING MaPhanCong INTO v_tmp2;
    v_pc_ids(63) := v_tmp2;
    INSERT INTO DiemDanh(MaThamGia, NgayDiemDanh, TrangThai, SoGioGhiNhan) VALUES (v_tmp, DATE '2024-03-10', 'CoMat', 47);
    INSERT INTO ThamGiaTNV(MaTaiKhoan, MaChienDich, TrangThaiDuyet) VALUES (v_tk_tnv(29), v_cd_ids(7), 'HoanThanh') RETURNING MaThamGia INTO v_tmp;
    v_tg_ids(64) := v_tmp;
    INSERT INTO PhanCong(MaThamGia, MaCongViec, TrangThai) VALUES (v_tmp, v_cv_ids(14), 'DangThucHien') RETURNING MaPhanCong INTO v_tmp2;
    v_pc_ids(64) := v_tmp2;
    INSERT INTO DiemDanh(MaThamGia, NgayDiemDanh, TrangThai, SoGioGhiNhan) VALUES (v_tmp, DATE '2024-03-10', 'CoMat', 37);
    INSERT INTO ThamGiaTNV(MaTaiKhoan, MaChienDich, TrangThaiDuyet) VALUES (v_tk_tnv(3), v_cd_ids(7), 'HoanThanh') RETURNING MaThamGia INTO v_tmp;
    v_tg_ids(65) := v_tmp;
    INSERT INTO PhanCong(MaThamGia, MaCongViec, TrangThai) VALUES (v_tmp, v_cv_ids(13), 'DangThucHien') RETURNING MaPhanCong INTO v_tmp2;
    v_pc_ids(65) := v_tmp2;
    INSERT INTO DiemDanh(MaThamGia, NgayDiemDanh, TrangThai, SoGioGhiNhan) VALUES (v_tmp, DATE '2024-03-10', 'CoMat', 25);
    INSERT INTO ThamGiaTNV(MaTaiKhoan, MaChienDich, TrangThaiDuyet) VALUES (v_tk_tnv(36), v_cd_ids(7), 'HoanThanh') RETURNING MaThamGia INTO v_tmp;
    v_tg_ids(66) := v_tmp;
    INSERT INTO PhanCong(MaThamGia, MaCongViec, TrangThai) VALUES (v_tmp, v_cv_ids(13), 'DangThucHien') RETURNING MaPhanCong INTO v_tmp2;
    v_pc_ids(66) := v_tmp2;
    INSERT INTO DiemDanh(MaThamGia, NgayDiemDanh, TrangThai, SoGioGhiNhan) VALUES (v_tmp, DATE '2024-03-10', 'CoMat', 17);
    INSERT INTO ThamGiaTNV(MaTaiKhoan, MaChienDich, TrangThaiDuyet) VALUES (v_tk_tnv(44), v_cd_ids(7), 'HoanThanh') RETURNING MaThamGia INTO v_tmp;
    v_tg_ids(67) := v_tmp;
    INSERT INTO PhanCong(MaThamGia, MaCongViec, TrangThai) VALUES (v_tmp, v_cv_ids(13), 'DangThucHien') RETURNING MaPhanCong INTO v_tmp2;
    v_pc_ids(67) := v_tmp2;
    INSERT INTO DiemDanh(MaThamGia, NgayDiemDanh, TrangThai, SoGioGhiNhan) VALUES (v_tmp, DATE '2024-03-10', 'CoMat', 28);
    INSERT INTO ThamGiaTNV(MaTaiKhoan, MaChienDich, TrangThaiDuyet) VALUES (v_tk_tnv(5), v_cd_ids(7), 'HoanThanh') RETURNING MaThamGia INTO v_tmp;
    v_tg_ids(68) := v_tmp;
    INSERT INTO PhanCong(MaThamGia, MaCongViec, TrangThai) VALUES (v_tmp, v_cv_ids(14), 'DangThucHien') RETURNING MaPhanCong INTO v_tmp2;
    v_pc_ids(68) := v_tmp2;
    INSERT INTO DiemDanh(MaThamGia, NgayDiemDanh, TrangThai, SoGioGhiNhan) VALUES (v_tmp, DATE '2024-03-10', 'CoMat', 38);
    INSERT INTO ThamGiaTNV(MaTaiKhoan, MaChienDich, TrangThaiDuyet) VALUES (v_tk_tnv(30), v_cd_ids(7), 'HoanThanh') RETURNING MaThamGia INTO v_tmp;
    v_tg_ids(69) := v_tmp;
    INSERT INTO PhanCong(MaThamGia, MaCongViec, TrangThai) VALUES (v_tmp, v_cv_ids(13), 'DangThucHien') RETURNING MaPhanCong INTO v_tmp2;
    v_pc_ids(69) := v_tmp2;
    INSERT INTO DiemDanh(MaThamGia, NgayDiemDanh, TrangThai, SoGioGhiNhan) VALUES (v_tmp, DATE '2024-03-10', 'CoMat', 31);
    INSERT INTO ThamGiaTNV(MaTaiKhoan, MaChienDich, TrangThaiDuyet) VALUES (v_tk_tnv(10), v_cd_ids(7), 'HoanThanh') RETURNING MaThamGia INTO v_tmp;
    v_tg_ids(70) := v_tmp;
    INSERT INTO PhanCong(MaThamGia, MaCongViec, TrangThai) VALUES (v_tmp, v_cv_ids(14), 'DangThucHien') RETURNING MaPhanCong INTO v_tmp2;
    v_pc_ids(70) := v_tmp2;
    INSERT INTO DiemDanh(MaThamGia, NgayDiemDanh, TrangThai, SoGioGhiNhan) VALUES (v_tmp, DATE '2024-03-10', 'CoMat', 13);
    INSERT INTO ThamGiaTNV(MaTaiKhoan, MaChienDich, TrangThaiDuyet) VALUES (v_tk_tnv(35), v_cd_ids(8), 'HoanThanh') RETURNING MaThamGia INTO v_tmp;
    v_tg_ids(71) := v_tmp;
    INSERT INTO PhanCong(MaThamGia, MaCongViec, TrangThai) VALUES (v_tmp, v_cv_ids(15), 'DangThucHien') RETURNING MaPhanCong INTO v_tmp2;
    v_pc_ids(71) := v_tmp2;
    INSERT INTO DiemDanh(MaThamGia, NgayDiemDanh, TrangThai, SoGioGhiNhan) VALUES (v_tmp, DATE '2024-04-15', 'CoMat', 15);
    INSERT INTO ThamGiaTNV(MaTaiKhoan, MaChienDich, TrangThaiDuyet) VALUES (v_tk_tnv(28), v_cd_ids(8), 'HoanThanh') RETURNING MaThamGia INTO v_tmp;
    v_tg_ids(72) := v_tmp;
    INSERT INTO PhanCong(MaThamGia, MaCongViec, TrangThai) VALUES (v_tmp, v_cv_ids(15), 'DangThucHien') RETURNING MaPhanCong INTO v_tmp2;
    v_pc_ids(72) := v_tmp2;
    INSERT INTO DiemDanh(MaThamGia, NgayDiemDanh, TrangThai, SoGioGhiNhan) VALUES (v_tmp, DATE '2024-04-15', 'CoMat', 12);
    INSERT INTO ThamGiaTNV(MaTaiKhoan, MaChienDich, TrangThaiDuyet) VALUES (v_tk_tnv(14), v_cd_ids(8), 'HoanThanh') RETURNING MaThamGia INTO v_tmp;
    v_tg_ids(73) := v_tmp;
    INSERT INTO PhanCong(MaThamGia, MaCongViec, TrangThai) VALUES (v_tmp, v_cv_ids(15), 'DangThucHien') RETURNING MaPhanCong INTO v_tmp2;
    v_pc_ids(73) := v_tmp2;
    INSERT INTO DiemDanh(MaThamGia, NgayDiemDanh, TrangThai, SoGioGhiNhan) VALUES (v_tmp, DATE '2024-04-15', 'CoMat', 57);
    INSERT INTO ThamGiaTNV(MaTaiKhoan, MaChienDich, TrangThaiDuyet) VALUES (v_tk_tnv(34), v_cd_ids(8), 'HoanThanh') RETURNING MaThamGia INTO v_tmp;
    v_tg_ids(74) := v_tmp;
    INSERT INTO PhanCong(MaThamGia, MaCongViec, TrangThai) VALUES (v_tmp, v_cv_ids(15), 'DangThucHien') RETURNING MaPhanCong INTO v_tmp2;
    v_pc_ids(74) := v_tmp2;
    INSERT INTO DiemDanh(MaThamGia, NgayDiemDanh, TrangThai, SoGioGhiNhan) VALUES (v_tmp, DATE '2024-04-15', 'CoMat', 51);
    INSERT INTO ThamGiaTNV(MaTaiKhoan, MaChienDich, TrangThaiDuyet) VALUES (v_tk_tnv(9), v_cd_ids(8), 'HoanThanh') RETURNING MaThamGia INTO v_tmp;
    v_tg_ids(75) := v_tmp;
    INSERT INTO PhanCong(MaThamGia, MaCongViec, TrangThai) VALUES (v_tmp, v_cv_ids(15), 'DangThucHien') RETURNING MaPhanCong INTO v_tmp2;
    v_pc_ids(75) := v_tmp2;
    INSERT INTO DiemDanh(MaThamGia, NgayDiemDanh, TrangThai, SoGioGhiNhan) VALUES (v_tmp, DATE '2024-04-15', 'CoMat', 47);
    INSERT INTO ThamGiaTNV(MaTaiKhoan, MaChienDich, TrangThaiDuyet) VALUES (v_tk_tnv(10), v_cd_ids(8), 'HoanThanh') RETURNING MaThamGia INTO v_tmp;
    v_tg_ids(76) := v_tmp;
    INSERT INTO PhanCong(MaThamGia, MaCongViec, TrangThai) VALUES (v_tmp, v_cv_ids(15), 'DangThucHien') RETURNING MaPhanCong INTO v_tmp2;
    v_pc_ids(76) := v_tmp2;
    INSERT INTO DiemDanh(MaThamGia, NgayDiemDanh, TrangThai, SoGioGhiNhan) VALUES (v_tmp, DATE '2024-04-15', 'CoMat', 30);
    INSERT INTO ThamGiaTNV(MaTaiKhoan, MaChienDich, TrangThaiDuyet) VALUES (v_tk_tnv(5), v_cd_ids(8), 'HoanThanh') RETURNING MaThamGia INTO v_tmp;
    v_tg_ids(77) := v_tmp;
    INSERT INTO PhanCong(MaThamGia, MaCongViec, TrangThai) VALUES (v_tmp, v_cv_ids(16), 'DangThucHien') RETURNING MaPhanCong INTO v_tmp2;
    v_pc_ids(77) := v_tmp2;
    INSERT INTO DiemDanh(MaThamGia, NgayDiemDanh, TrangThai, SoGioGhiNhan) VALUES (v_tmp, DATE '2024-04-15', 'CoMat', 24);
    INSERT INTO ThamGiaTNV(MaTaiKhoan, MaChienDich, TrangThaiDuyet) VALUES (v_tk_tnv(37), v_cd_ids(8), 'HoanThanh') RETURNING MaThamGia INTO v_tmp;
    v_tg_ids(78) := v_tmp;
    INSERT INTO PhanCong(MaThamGia, MaCongViec, TrangThai) VALUES (v_tmp, v_cv_ids(16), 'DangThucHien') RETURNING MaPhanCong INTO v_tmp2;
    v_pc_ids(78) := v_tmp2;
    INSERT INTO DiemDanh(MaThamGia, NgayDiemDanh, TrangThai, SoGioGhiNhan) VALUES (v_tmp, DATE '2024-04-15', 'CoMat', 43);
    INSERT INTO ThamGiaTNV(MaTaiKhoan, MaChienDich, TrangThaiDuyet) VALUES (v_tk_tnv(47), v_cd_ids(8), 'HoanThanh') RETURNING MaThamGia INTO v_tmp;
    v_tg_ids(79) := v_tmp;
    INSERT INTO PhanCong(MaThamGia, MaCongViec, TrangThai) VALUES (v_tmp, v_cv_ids(16), 'DangThucHien') RETURNING MaPhanCong INTO v_tmp2;
    v_pc_ids(79) := v_tmp2;
    INSERT INTO DiemDanh(MaThamGia, NgayDiemDanh, TrangThai, SoGioGhiNhan) VALUES (v_tmp, DATE '2024-04-15', 'CoMat', 39);
    INSERT INTO ThamGiaTNV(MaTaiKhoan, MaChienDich, TrangThaiDuyet) VALUES (v_tk_tnv(40), v_cd_ids(8), 'HoanThanh') RETURNING MaThamGia INTO v_tmp;
    v_tg_ids(80) := v_tmp;
    INSERT INTO PhanCong(MaThamGia, MaCongViec, TrangThai) VALUES (v_tmp, v_cv_ids(16), 'DangThucHien') RETURNING MaPhanCong INTO v_tmp2;
    v_pc_ids(80) := v_tmp2;
    INSERT INTO DiemDanh(MaThamGia, NgayDiemDanh, TrangThai, SoGioGhiNhan) VALUES (v_tmp, DATE '2024-04-15', 'CoMat', 30);
    INSERT INTO ThamGiaTNV(MaTaiKhoan, MaChienDich, TrangThaiDuyet) VALUES (v_tk_tnv(32), v_cd_ids(9), 'HoanThanh') RETURNING MaThamGia INTO v_tmp;
    v_tg_ids(81) := v_tmp;
    INSERT INTO PhanCong(MaThamGia, MaCongViec, TrangThai) VALUES (v_tmp, v_cv_ids(18), 'DangThucHien') RETURNING MaPhanCong INTO v_tmp2;
    v_pc_ids(81) := v_tmp2;
    INSERT INTO DiemDanh(MaThamGia, NgayDiemDanh, TrangThai, SoGioGhiNhan) VALUES (v_tmp, DATE '2024-08-15', 'CoMat', 20);
    INSERT INTO ThamGiaTNV(MaTaiKhoan, MaChienDich, TrangThaiDuyet) VALUES (v_tk_tnv(38), v_cd_ids(9), 'HoanThanh') RETURNING MaThamGia INTO v_tmp;
    v_tg_ids(82) := v_tmp;
    INSERT INTO PhanCong(MaThamGia, MaCongViec, TrangThai) VALUES (v_tmp, v_cv_ids(18), 'DangThucHien') RETURNING MaPhanCong INTO v_tmp2;
    v_pc_ids(82) := v_tmp2;
    INSERT INTO DiemDanh(MaThamGia, NgayDiemDanh, TrangThai, SoGioGhiNhan) VALUES (v_tmp, DATE '2024-08-15', 'CoMat', 56);
    INSERT INTO ThamGiaTNV(MaTaiKhoan, MaChienDich, TrangThaiDuyet) VALUES (v_tk_tnv(48), v_cd_ids(9), 'HoanThanh') RETURNING MaThamGia INTO v_tmp;
    v_tg_ids(83) := v_tmp;
    INSERT INTO PhanCong(MaThamGia, MaCongViec, TrangThai) VALUES (v_tmp, v_cv_ids(18), 'DangThucHien') RETURNING MaPhanCong INTO v_tmp2;
    v_pc_ids(83) := v_tmp2;
    INSERT INTO DiemDanh(MaThamGia, NgayDiemDanh, TrangThai, SoGioGhiNhan) VALUES (v_tmp, DATE '2024-08-15', 'CoMat', 12);
    INSERT INTO ThamGiaTNV(MaTaiKhoan, MaChienDich, TrangThaiDuyet) VALUES (v_tk_tnv(28), v_cd_ids(9), 'HoanThanh') RETURNING MaThamGia INTO v_tmp;
    v_tg_ids(84) := v_tmp;
    INSERT INTO PhanCong(MaThamGia, MaCongViec, TrangThai) VALUES (v_tmp, v_cv_ids(17), 'DangThucHien') RETURNING MaPhanCong INTO v_tmp2;
    v_pc_ids(84) := v_tmp2;
    INSERT INTO DiemDanh(MaThamGia, NgayDiemDanh, TrangThai, SoGioGhiNhan) VALUES (v_tmp, DATE '2024-08-15', 'CoMat', 49);
    INSERT INTO ThamGiaTNV(MaTaiKhoan, MaChienDich, TrangThaiDuyet) VALUES (v_tk_tnv(13), v_cd_ids(9), 'HoanThanh') RETURNING MaThamGia INTO v_tmp;
    v_tg_ids(85) := v_tmp;
    INSERT INTO PhanCong(MaThamGia, MaCongViec, TrangThai) VALUES (v_tmp, v_cv_ids(17), 'DangThucHien') RETURNING MaPhanCong INTO v_tmp2;
    v_pc_ids(85) := v_tmp2;
    INSERT INTO DiemDanh(MaThamGia, NgayDiemDanh, TrangThai, SoGioGhiNhan) VALUES (v_tmp, DATE '2024-08-15', 'CoMat', 46);
    INSERT INTO ThamGiaTNV(MaTaiKhoan, MaChienDich, TrangThaiDuyet) VALUES (v_tk_tnv(41), v_cd_ids(9), 'HoanThanh') RETURNING MaThamGia INTO v_tmp;
    v_tg_ids(86) := v_tmp;
    INSERT INTO PhanCong(MaThamGia, MaCongViec, TrangThai) VALUES (v_tmp, v_cv_ids(17), 'DangThucHien') RETURNING MaPhanCong INTO v_tmp2;
    v_pc_ids(86) := v_tmp2;
    INSERT INTO DiemDanh(MaThamGia, NgayDiemDanh, TrangThai, SoGioGhiNhan) VALUES (v_tmp, DATE '2024-08-15', 'CoMat', 56);
    INSERT INTO ThamGiaTNV(MaTaiKhoan, MaChienDich, TrangThaiDuyet) VALUES (v_tk_tnv(37), v_cd_ids(9), 'HoanThanh') RETURNING MaThamGia INTO v_tmp;
    v_tg_ids(87) := v_tmp;
    INSERT INTO PhanCong(MaThamGia, MaCongViec, TrangThai) VALUES (v_tmp, v_cv_ids(17), 'DangThucHien') RETURNING MaPhanCong INTO v_tmp2;
    v_pc_ids(87) := v_tmp2;
    INSERT INTO DiemDanh(MaThamGia, NgayDiemDanh, TrangThai, SoGioGhiNhan) VALUES (v_tmp, DATE '2024-08-15', 'CoMat', 37);
    INSERT INTO ThamGiaTNV(MaTaiKhoan, MaChienDich, TrangThaiDuyet) VALUES (v_tk_tnv(19), v_cd_ids(9), 'HoanThanh') RETURNING MaThamGia INTO v_tmp;
    v_tg_ids(88) := v_tmp;
    INSERT INTO PhanCong(MaThamGia, MaCongViec, TrangThai) VALUES (v_tmp, v_cv_ids(18), 'DangThucHien') RETURNING MaPhanCong INTO v_tmp2;
    v_pc_ids(88) := v_tmp2;
    INSERT INTO DiemDanh(MaThamGia, NgayDiemDanh, TrangThai, SoGioGhiNhan) VALUES (v_tmp, DATE '2024-08-15', 'CoMat', 12);
    INSERT INTO ThamGiaTNV(MaTaiKhoan, MaChienDich, TrangThaiDuyet) VALUES (v_tk_tnv(14), v_cd_ids(9), 'HoanThanh') RETURNING MaThamGia INTO v_tmp;
    v_tg_ids(89) := v_tmp;
    INSERT INTO PhanCong(MaThamGia, MaCongViec, TrangThai) VALUES (v_tmp, v_cv_ids(17), 'DangThucHien') RETURNING MaPhanCong INTO v_tmp2;
    v_pc_ids(89) := v_tmp2;
    INSERT INTO DiemDanh(MaThamGia, NgayDiemDanh, TrangThai, SoGioGhiNhan) VALUES (v_tmp, DATE '2024-08-15', 'CoMat', 15);
    INSERT INTO ThamGiaTNV(MaTaiKhoan, MaChienDich, TrangThaiDuyet) VALUES (v_tk_tnv(8), v_cd_ids(9), 'HoanThanh') RETURNING MaThamGia INTO v_tmp;
    v_tg_ids(90) := v_tmp;
    INSERT INTO PhanCong(MaThamGia, MaCongViec, TrangThai) VALUES (v_tmp, v_cv_ids(17), 'DangThucHien') RETURNING MaPhanCong INTO v_tmp2;
    v_pc_ids(90) := v_tmp2;
    INSERT INTO DiemDanh(MaThamGia, NgayDiemDanh, TrangThai, SoGioGhiNhan) VALUES (v_tmp, DATE '2024-08-15', 'CoMat', 31);
    INSERT INTO ThamGiaTNV(MaTaiKhoan, MaChienDich, TrangThaiDuyet) VALUES (v_tk_tnv(40), v_cd_ids(10), 'HoanThanh') RETURNING MaThamGia INTO v_tmp;
    v_tg_ids(91) := v_tmp;
    INSERT INTO PhanCong(MaThamGia, MaCongViec, TrangThai) VALUES (v_tmp, v_cv_ids(19), 'DangThucHien') RETURNING MaPhanCong INTO v_tmp2;
    v_pc_ids(91) := v_tmp2;
    INSERT INTO DiemDanh(MaThamGia, NgayDiemDanh, TrangThai, SoGioGhiNhan) VALUES (v_tmp, DATE '2024-03-01', 'CoMat', 29);
    INSERT INTO ThamGiaTNV(MaTaiKhoan, MaChienDich, TrangThaiDuyet) VALUES (v_tk_tnv(41), v_cd_ids(10), 'HoanThanh') RETURNING MaThamGia INTO v_tmp;
    v_tg_ids(92) := v_tmp;
    INSERT INTO PhanCong(MaThamGia, MaCongViec, TrangThai) VALUES (v_tmp, v_cv_ids(20), 'DangThucHien') RETURNING MaPhanCong INTO v_tmp2;
    v_pc_ids(92) := v_tmp2;
    INSERT INTO DiemDanh(MaThamGia, NgayDiemDanh, TrangThai, SoGioGhiNhan) VALUES (v_tmp, DATE '2024-03-01', 'CoMat', 47);
    INSERT INTO ThamGiaTNV(MaTaiKhoan, MaChienDich, TrangThaiDuyet) VALUES (v_tk_tnv(44), v_cd_ids(10), 'HoanThanh') RETURNING MaThamGia INTO v_tmp;
    v_tg_ids(93) := v_tmp;
    INSERT INTO PhanCong(MaThamGia, MaCongViec, TrangThai) VALUES (v_tmp, v_cv_ids(19), 'DangThucHien') RETURNING MaPhanCong INTO v_tmp2;
    v_pc_ids(93) := v_tmp2;
    INSERT INTO DiemDanh(MaThamGia, NgayDiemDanh, TrangThai, SoGioGhiNhan) VALUES (v_tmp, DATE '2024-03-01', 'CoMat', 40);
    INSERT INTO ThamGiaTNV(MaTaiKhoan, MaChienDich, TrangThaiDuyet) VALUES (v_tk_tnv(15), v_cd_ids(10), 'HoanThanh') RETURNING MaThamGia INTO v_tmp;
    v_tg_ids(94) := v_tmp;
    INSERT INTO PhanCong(MaThamGia, MaCongViec, TrangThai) VALUES (v_tmp, v_cv_ids(19), 'DangThucHien') RETURNING MaPhanCong INTO v_tmp2;
    v_pc_ids(94) := v_tmp2;
    INSERT INTO DiemDanh(MaThamGia, NgayDiemDanh, TrangThai, SoGioGhiNhan) VALUES (v_tmp, DATE '2024-03-01', 'CoMat', 42);
    INSERT INTO ThamGiaTNV(MaTaiKhoan, MaChienDich, TrangThaiDuyet) VALUES (v_tk_tnv(49), v_cd_ids(10), 'HoanThanh') RETURNING MaThamGia INTO v_tmp;
    v_tg_ids(95) := v_tmp;
    INSERT INTO PhanCong(MaThamGia, MaCongViec, TrangThai) VALUES (v_tmp, v_cv_ids(19), 'DangThucHien') RETURNING MaPhanCong INTO v_tmp2;
    v_pc_ids(95) := v_tmp2;
    INSERT INTO DiemDanh(MaThamGia, NgayDiemDanh, TrangThai, SoGioGhiNhan) VALUES (v_tmp, DATE '2024-03-01', 'CoMat', 39);
    INSERT INTO ThamGiaTNV(MaTaiKhoan, MaChienDich, TrangThaiDuyet) VALUES (v_tk_tnv(25), v_cd_ids(10), 'HoanThanh') RETURNING MaThamGia INTO v_tmp;
    v_tg_ids(96) := v_tmp;
    INSERT INTO PhanCong(MaThamGia, MaCongViec, TrangThai) VALUES (v_tmp, v_cv_ids(20), 'DangThucHien') RETURNING MaPhanCong INTO v_tmp2;
    v_pc_ids(96) := v_tmp2;
    INSERT INTO DiemDanh(MaThamGia, NgayDiemDanh, TrangThai, SoGioGhiNhan) VALUES (v_tmp, DATE '2024-03-01', 'CoMat', 14);
    INSERT INTO ThamGiaTNV(MaTaiKhoan, MaChienDich, TrangThaiDuyet) VALUES (v_tk_tnv(10), v_cd_ids(10), 'HoanThanh') RETURNING MaThamGia INTO v_tmp;
    v_tg_ids(97) := v_tmp;
    INSERT INTO PhanCong(MaThamGia, MaCongViec, TrangThai) VALUES (v_tmp, v_cv_ids(20), 'DangThucHien') RETURNING MaPhanCong INTO v_tmp2;
    v_pc_ids(97) := v_tmp2;
    INSERT INTO DiemDanh(MaThamGia, NgayDiemDanh, TrangThai, SoGioGhiNhan) VALUES (v_tmp, DATE '2024-03-01', 'CoMat', 19);
    INSERT INTO ThamGiaTNV(MaTaiKhoan, MaChienDich, TrangThaiDuyet) VALUES (v_tk_tnv(1), v_cd_ids(10), 'HoanThanh') RETURNING MaThamGia INTO v_tmp;
    v_tg_ids(98) := v_tmp;
    INSERT INTO PhanCong(MaThamGia, MaCongViec, TrangThai) VALUES (v_tmp, v_cv_ids(19), 'DangThucHien') RETURNING MaPhanCong INTO v_tmp2;
    v_pc_ids(98) := v_tmp2;
    INSERT INTO DiemDanh(MaThamGia, NgayDiemDanh, TrangThai, SoGioGhiNhan) VALUES (v_tmp, DATE '2024-03-01', 'CoMat', 38);
    INSERT INTO ThamGiaTNV(MaTaiKhoan, MaChienDich, TrangThaiDuyet) VALUES (v_tk_tnv(34), v_cd_ids(10), 'HoanThanh') RETURNING MaThamGia INTO v_tmp;
    v_tg_ids(99) := v_tmp;
    INSERT INTO PhanCong(MaThamGia, MaCongViec, TrangThai) VALUES (v_tmp, v_cv_ids(19), 'DangThucHien') RETURNING MaPhanCong INTO v_tmp2;
    v_pc_ids(99) := v_tmp2;
    INSERT INTO DiemDanh(MaThamGia, NgayDiemDanh, TrangThai, SoGioGhiNhan) VALUES (v_tmp, DATE '2024-03-01', 'CoMat', 58);
    INSERT INTO ThamGiaTNV(MaTaiKhoan, MaChienDich, TrangThaiDuyet) VALUES (v_tk_tnv(31), v_cd_ids(10), 'HoanThanh') RETURNING MaThamGia INTO v_tmp;
    v_tg_ids(100) := v_tmp;
    INSERT INTO PhanCong(MaThamGia, MaCongViec, TrangThai) VALUES (v_tmp, v_cv_ids(19), 'DangThucHien') RETURNING MaPhanCong INTO v_tmp2;
    v_pc_ids(100) := v_tmp2;
    INSERT INTO DiemDanh(MaThamGia, NgayDiemDanh, TrangThai, SoGioGhiNhan) VALUES (v_tmp, DATE '2024-03-01', 'CoMat', 26);
    INSERT INTO ThamGiaTNV(MaTaiKhoan, MaChienDich, TrangThaiDuyet) VALUES (v_tk_tnv(36), v_cd_ids(11), 'HoanThanh') RETURNING MaThamGia INTO v_tmp;
    v_tg_ids(101) := v_tmp;
    INSERT INTO PhanCong(MaThamGia, MaCongViec, TrangThai) VALUES (v_tmp, v_cv_ids(21), 'DangThucHien') RETURNING MaPhanCong INTO v_tmp2;
    v_pc_ids(101) := v_tmp2;
    INSERT INTO DiemDanh(MaThamGia, NgayDiemDanh, TrangThai, SoGioGhiNhan) VALUES (v_tmp, DATE '2024-09-15', 'CoMat', 11);
    INSERT INTO ThamGiaTNV(MaTaiKhoan, MaChienDich, TrangThaiDuyet) VALUES (v_tk_tnv(11), v_cd_ids(11), 'HoanThanh') RETURNING MaThamGia INTO v_tmp;
    v_tg_ids(102) := v_tmp;
    INSERT INTO PhanCong(MaThamGia, MaCongViec, TrangThai) VALUES (v_tmp, v_cv_ids(21), 'DangThucHien') RETURNING MaPhanCong INTO v_tmp2;
    v_pc_ids(102) := v_tmp2;
    INSERT INTO DiemDanh(MaThamGia, NgayDiemDanh, TrangThai, SoGioGhiNhan) VALUES (v_tmp, DATE '2024-09-15', 'CoMat', 35);
    INSERT INTO ThamGiaTNV(MaTaiKhoan, MaChienDich, TrangThaiDuyet) VALUES (v_tk_tnv(41), v_cd_ids(11), 'HoanThanh') RETURNING MaThamGia INTO v_tmp;
    v_tg_ids(103) := v_tmp;
    INSERT INTO PhanCong(MaThamGia, MaCongViec, TrangThai) VALUES (v_tmp, v_cv_ids(21), 'DangThucHien') RETURNING MaPhanCong INTO v_tmp2;
    v_pc_ids(103) := v_tmp2;
    INSERT INTO DiemDanh(MaThamGia, NgayDiemDanh, TrangThai, SoGioGhiNhan) VALUES (v_tmp, DATE '2024-09-15', 'CoMat', 56);
    INSERT INTO ThamGiaTNV(MaTaiKhoan, MaChienDich, TrangThaiDuyet) VALUES (v_tk_tnv(16), v_cd_ids(11), 'HoanThanh') RETURNING MaThamGia INTO v_tmp;
    v_tg_ids(104) := v_tmp;
    INSERT INTO PhanCong(MaThamGia, MaCongViec, TrangThai) VALUES (v_tmp, v_cv_ids(21), 'DangThucHien') RETURNING MaPhanCong INTO v_tmp2;
    v_pc_ids(104) := v_tmp2;
    INSERT INTO DiemDanh(MaThamGia, NgayDiemDanh, TrangThai, SoGioGhiNhan) VALUES (v_tmp, DATE '2024-09-15', 'CoMat', 22);
    INSERT INTO ThamGiaTNV(MaTaiKhoan, MaChienDich, TrangThaiDuyet) VALUES (v_tk_tnv(21), v_cd_ids(11), 'HoanThanh') RETURNING MaThamGia INTO v_tmp;
    v_tg_ids(105) := v_tmp;
    INSERT INTO PhanCong(MaThamGia, MaCongViec, TrangThai) VALUES (v_tmp, v_cv_ids(21), 'DangThucHien') RETURNING MaPhanCong INTO v_tmp2;
    v_pc_ids(105) := v_tmp2;
    INSERT INTO DiemDanh(MaThamGia, NgayDiemDanh, TrangThai, SoGioGhiNhan) VALUES (v_tmp, DATE '2024-09-15', 'CoMat', 46);
    INSERT INTO ThamGiaTNV(MaTaiKhoan, MaChienDich, TrangThaiDuyet) VALUES (v_tk_tnv(39), v_cd_ids(11), 'HoanThanh') RETURNING MaThamGia INTO v_tmp;
    v_tg_ids(106) := v_tmp;
    INSERT INTO PhanCong(MaThamGia, MaCongViec, TrangThai) VALUES (v_tmp, v_cv_ids(21), 'DangThucHien') RETURNING MaPhanCong INTO v_tmp2;
    v_pc_ids(106) := v_tmp2;
    INSERT INTO DiemDanh(MaThamGia, NgayDiemDanh, TrangThai, SoGioGhiNhan) VALUES (v_tmp, DATE '2024-09-15', 'CoMat', 53);
    INSERT INTO ThamGiaTNV(MaTaiKhoan, MaChienDich, TrangThaiDuyet) VALUES (v_tk_tnv(47), v_cd_ids(11), 'HoanThanh') RETURNING MaThamGia INTO v_tmp;
    v_tg_ids(107) := v_tmp;
    INSERT INTO PhanCong(MaThamGia, MaCongViec, TrangThai) VALUES (v_tmp, v_cv_ids(21), 'DangThucHien') RETURNING MaPhanCong INTO v_tmp2;
    v_pc_ids(107) := v_tmp2;
    INSERT INTO DiemDanh(MaThamGia, NgayDiemDanh, TrangThai, SoGioGhiNhan) VALUES (v_tmp, DATE '2024-09-15', 'CoMat', 25);
    INSERT INTO ThamGiaTNV(MaTaiKhoan, MaChienDich, TrangThaiDuyet) VALUES (v_tk_tnv(1), v_cd_ids(11), 'HoanThanh') RETURNING MaThamGia INTO v_tmp;
    v_tg_ids(108) := v_tmp;
    INSERT INTO PhanCong(MaThamGia, MaCongViec, TrangThai) VALUES (v_tmp, v_cv_ids(22), 'DangThucHien') RETURNING MaPhanCong INTO v_tmp2;
    v_pc_ids(108) := v_tmp2;
    INSERT INTO DiemDanh(MaThamGia, NgayDiemDanh, TrangThai, SoGioGhiNhan) VALUES (v_tmp, DATE '2024-09-15', 'CoMat', 22);
    INSERT INTO ThamGiaTNV(MaTaiKhoan, MaChienDich, TrangThaiDuyet) VALUES (v_tk_tnv(32), v_cd_ids(11), 'HoanThanh') RETURNING MaThamGia INTO v_tmp;
    v_tg_ids(109) := v_tmp;
    INSERT INTO PhanCong(MaThamGia, MaCongViec, TrangThai) VALUES (v_tmp, v_cv_ids(21), 'DangThucHien') RETURNING MaPhanCong INTO v_tmp2;
    v_pc_ids(109) := v_tmp2;
    INSERT INTO DiemDanh(MaThamGia, NgayDiemDanh, TrangThai, SoGioGhiNhan) VALUES (v_tmp, DATE '2024-09-15', 'CoMat', 15);
    INSERT INTO ThamGiaTNV(MaTaiKhoan, MaChienDich, TrangThaiDuyet) VALUES (v_tk_tnv(4), v_cd_ids(11), 'HoanThanh') RETURNING MaThamGia INTO v_tmp;
    v_tg_ids(110) := v_tmp;
    INSERT INTO PhanCong(MaThamGia, MaCongViec, TrangThai) VALUES (v_tmp, v_cv_ids(22), 'DangThucHien') RETURNING MaPhanCong INTO v_tmp2;
    v_pc_ids(110) := v_tmp2;
    INSERT INTO DiemDanh(MaThamGia, NgayDiemDanh, TrangThai, SoGioGhiNhan) VALUES (v_tmp, DATE '2024-09-15', 'CoMat', 32);
    INSERT INTO ThamGiaTNV(MaTaiKhoan, MaChienDich, TrangThaiDuyet) VALUES (v_tk_tnv(30), v_cd_ids(12), 'HoanThanh') RETURNING MaThamGia INTO v_tmp;
    v_tg_ids(111) := v_tmp;
    INSERT INTO PhanCong(MaThamGia, MaCongViec, TrangThai) VALUES (v_tmp, v_cv_ids(23), 'DangThucHien') RETURNING MaPhanCong INTO v_tmp2;
    v_pc_ids(111) := v_tmp2;
    INSERT INTO DiemDanh(MaThamGia, NgayDiemDanh, TrangThai, SoGioGhiNhan) VALUES (v_tmp, DATE '2024-11-01', 'CoMat', 32);
    INSERT INTO ThamGiaTNV(MaTaiKhoan, MaChienDich, TrangThaiDuyet) VALUES (v_tk_tnv(36), v_cd_ids(12), 'HoanThanh') RETURNING MaThamGia INTO v_tmp;
    v_tg_ids(112) := v_tmp;
    INSERT INTO PhanCong(MaThamGia, MaCongViec, TrangThai) VALUES (v_tmp, v_cv_ids(24), 'DangThucHien') RETURNING MaPhanCong INTO v_tmp2;
    v_pc_ids(112) := v_tmp2;
    INSERT INTO DiemDanh(MaThamGia, NgayDiemDanh, TrangThai, SoGioGhiNhan) VALUES (v_tmp, DATE '2024-11-01', 'CoMat', 31);
    INSERT INTO ThamGiaTNV(MaTaiKhoan, MaChienDich, TrangThaiDuyet) VALUES (v_tk_tnv(12), v_cd_ids(12), 'HoanThanh') RETURNING MaThamGia INTO v_tmp;
    v_tg_ids(113) := v_tmp;
    INSERT INTO PhanCong(MaThamGia, MaCongViec, TrangThai) VALUES (v_tmp, v_cv_ids(24), 'DangThucHien') RETURNING MaPhanCong INTO v_tmp2;
    v_pc_ids(113) := v_tmp2;
    INSERT INTO DiemDanh(MaThamGia, NgayDiemDanh, TrangThai, SoGioGhiNhan) VALUES (v_tmp, DATE '2024-11-01', 'CoMat', 30);
    INSERT INTO ThamGiaTNV(MaTaiKhoan, MaChienDich, TrangThaiDuyet) VALUES (v_tk_tnv(40), v_cd_ids(12), 'HoanThanh') RETURNING MaThamGia INTO v_tmp;
    v_tg_ids(114) := v_tmp;
    INSERT INTO PhanCong(MaThamGia, MaCongViec, TrangThai) VALUES (v_tmp, v_cv_ids(24), 'DangThucHien') RETURNING MaPhanCong INTO v_tmp2;
    v_pc_ids(114) := v_tmp2;
    INSERT INTO DiemDanh(MaThamGia, NgayDiemDanh, TrangThai, SoGioGhiNhan) VALUES (v_tmp, DATE '2024-11-01', 'CoMat', 18);
    INSERT INTO ThamGiaTNV(MaTaiKhoan, MaChienDich, TrangThaiDuyet) VALUES (v_tk_tnv(21), v_cd_ids(12), 'HoanThanh') RETURNING MaThamGia INTO v_tmp;
    v_tg_ids(115) := v_tmp;
    INSERT INTO PhanCong(MaThamGia, MaCongViec, TrangThai) VALUES (v_tmp, v_cv_ids(23), 'DangThucHien') RETURNING MaPhanCong INTO v_tmp2;
    v_pc_ids(115) := v_tmp2;
    INSERT INTO DiemDanh(MaThamGia, NgayDiemDanh, TrangThai, SoGioGhiNhan) VALUES (v_tmp, DATE '2024-11-01', 'CoMat', 12);
    INSERT INTO ThamGiaTNV(MaTaiKhoan, MaChienDich, TrangThaiDuyet) VALUES (v_tk_tnv(4), v_cd_ids(12), 'HoanThanh') RETURNING MaThamGia INTO v_tmp;
    v_tg_ids(116) := v_tmp;
    INSERT INTO PhanCong(MaThamGia, MaCongViec, TrangThai) VALUES (v_tmp, v_cv_ids(23), 'DangThucHien') RETURNING MaPhanCong INTO v_tmp2;
    v_pc_ids(116) := v_tmp2;
    INSERT INTO DiemDanh(MaThamGia, NgayDiemDanh, TrangThai, SoGioGhiNhan) VALUES (v_tmp, DATE '2024-11-01', 'CoMat', 13);
    INSERT INTO ThamGiaTNV(MaTaiKhoan, MaChienDich, TrangThaiDuyet) VALUES (v_tk_tnv(5), v_cd_ids(12), 'HoanThanh') RETURNING MaThamGia INTO v_tmp;
    v_tg_ids(117) := v_tmp;
    INSERT INTO PhanCong(MaThamGia, MaCongViec, TrangThai) VALUES (v_tmp, v_cv_ids(24), 'DangThucHien') RETURNING MaPhanCong INTO v_tmp2;
    v_pc_ids(117) := v_tmp2;
    INSERT INTO DiemDanh(MaThamGia, NgayDiemDanh, TrangThai, SoGioGhiNhan) VALUES (v_tmp, DATE '2024-11-01', 'CoMat', 48);
    INSERT INTO ThamGiaTNV(MaTaiKhoan, MaChienDich, TrangThaiDuyet) VALUES (v_tk_tnv(16), v_cd_ids(12), 'HoanThanh') RETURNING MaThamGia INTO v_tmp;
    v_tg_ids(118) := v_tmp;
    INSERT INTO PhanCong(MaThamGia, MaCongViec, TrangThai) VALUES (v_tmp, v_cv_ids(24), 'DangThucHien') RETURNING MaPhanCong INTO v_tmp2;
    v_pc_ids(118) := v_tmp2;
    INSERT INTO DiemDanh(MaThamGia, NgayDiemDanh, TrangThai, SoGioGhiNhan) VALUES (v_tmp, DATE '2024-11-01', 'CoMat', 19);
    INSERT INTO ThamGiaTNV(MaTaiKhoan, MaChienDich, TrangThaiDuyet) VALUES (v_tk_tnv(9), v_cd_ids(12), 'HoanThanh') RETURNING MaThamGia INTO v_tmp;
    v_tg_ids(119) := v_tmp;
    INSERT INTO PhanCong(MaThamGia, MaCongViec, TrangThai) VALUES (v_tmp, v_cv_ids(23), 'DangThucHien') RETURNING MaPhanCong INTO v_tmp2;
    v_pc_ids(119) := v_tmp2;
    INSERT INTO DiemDanh(MaThamGia, NgayDiemDanh, TrangThai, SoGioGhiNhan) VALUES (v_tmp, DATE '2024-11-01', 'CoMat', 41);
    INSERT INTO ThamGiaTNV(MaTaiKhoan, MaChienDich, TrangThaiDuyet) VALUES (v_tk_tnv(29), v_cd_ids(12), 'HoanThanh') RETURNING MaThamGia INTO v_tmp;
    v_tg_ids(120) := v_tmp;
    INSERT INTO PhanCong(MaThamGia, MaCongViec, TrangThai) VALUES (v_tmp, v_cv_ids(23), 'DangThucHien') RETURNING MaPhanCong INTO v_tmp2;
    v_pc_ids(120) := v_tmp2;
    INSERT INTO DiemDanh(MaThamGia, NgayDiemDanh, TrangThai, SoGioGhiNhan) VALUES (v_tmp, DATE '2024-11-01', 'CoMat', 21);
    INSERT INTO ThamGiaTNV(MaTaiKhoan, MaChienDich, TrangThaiDuyet) VALUES (v_tk_tnv(17), v_cd_ids(13), 'HoanThanh') RETURNING MaThamGia INTO v_tmp;
    v_tg_ids(121) := v_tmp;
    INSERT INTO PhanCong(MaThamGia, MaCongViec, TrangThai) VALUES (v_tmp, v_cv_ids(26), 'DangThucHien') RETURNING MaPhanCong INTO v_tmp2;
    v_pc_ids(121) := v_tmp2;
    INSERT INTO DiemDanh(MaThamGia, NgayDiemDanh, TrangThai, SoGioGhiNhan) VALUES (v_tmp, DATE '2024-10-10', 'CoMat', 44);
    INSERT INTO ThamGiaTNV(MaTaiKhoan, MaChienDich, TrangThaiDuyet) VALUES (v_tk_tnv(45), v_cd_ids(13), 'HoanThanh') RETURNING MaThamGia INTO v_tmp;
    v_tg_ids(122) := v_tmp;
    INSERT INTO PhanCong(MaThamGia, MaCongViec, TrangThai) VALUES (v_tmp, v_cv_ids(26), 'DangThucHien') RETURNING MaPhanCong INTO v_tmp2;
    v_pc_ids(122) := v_tmp2;
    INSERT INTO DiemDanh(MaThamGia, NgayDiemDanh, TrangThai, SoGioGhiNhan) VALUES (v_tmp, DATE '2024-10-10', 'CoMat', 35);
    INSERT INTO ThamGiaTNV(MaTaiKhoan, MaChienDich, TrangThaiDuyet) VALUES (v_tk_tnv(35), v_cd_ids(13), 'HoanThanh') RETURNING MaThamGia INTO v_tmp;
    v_tg_ids(123) := v_tmp;
    INSERT INTO PhanCong(MaThamGia, MaCongViec, TrangThai) VALUES (v_tmp, v_cv_ids(25), 'DangThucHien') RETURNING MaPhanCong INTO v_tmp2;
    v_pc_ids(123) := v_tmp2;
    INSERT INTO DiemDanh(MaThamGia, NgayDiemDanh, TrangThai, SoGioGhiNhan) VALUES (v_tmp, DATE '2024-10-10', 'CoMat', 21);
    INSERT INTO ThamGiaTNV(MaTaiKhoan, MaChienDich, TrangThaiDuyet) VALUES (v_tk_tnv(38), v_cd_ids(13), 'HoanThanh') RETURNING MaThamGia INTO v_tmp;
    v_tg_ids(124) := v_tmp;
    INSERT INTO PhanCong(MaThamGia, MaCongViec, TrangThai) VALUES (v_tmp, v_cv_ids(26), 'DangThucHien') RETURNING MaPhanCong INTO v_tmp2;
    v_pc_ids(124) := v_tmp2;
    INSERT INTO DiemDanh(MaThamGia, NgayDiemDanh, TrangThai, SoGioGhiNhan) VALUES (v_tmp, DATE '2024-10-10', 'CoMat', 46);
    INSERT INTO ThamGiaTNV(MaTaiKhoan, MaChienDich, TrangThaiDuyet) VALUES (v_tk_tnv(8), v_cd_ids(13), 'HoanThanh') RETURNING MaThamGia INTO v_tmp;
    v_tg_ids(125) := v_tmp;
    INSERT INTO PhanCong(MaThamGia, MaCongViec, TrangThai) VALUES (v_tmp, v_cv_ids(26), 'DangThucHien') RETURNING MaPhanCong INTO v_tmp2;
    v_pc_ids(125) := v_tmp2;
    INSERT INTO DiemDanh(MaThamGia, NgayDiemDanh, TrangThai, SoGioGhiNhan) VALUES (v_tmp, DATE '2024-10-10', 'CoMat', 48);
    INSERT INTO ThamGiaTNV(MaTaiKhoan, MaChienDich, TrangThaiDuyet) VALUES (v_tk_tnv(24), v_cd_ids(13), 'HoanThanh') RETURNING MaThamGia INTO v_tmp;
    v_tg_ids(126) := v_tmp;
    INSERT INTO PhanCong(MaThamGia, MaCongViec, TrangThai) VALUES (v_tmp, v_cv_ids(26), 'DangThucHien') RETURNING MaPhanCong INTO v_tmp2;
    v_pc_ids(126) := v_tmp2;
    INSERT INTO DiemDanh(MaThamGia, NgayDiemDanh, TrangThai, SoGioGhiNhan) VALUES (v_tmp, DATE '2024-10-10', 'CoMat', 38);
    INSERT INTO ThamGiaTNV(MaTaiKhoan, MaChienDich, TrangThaiDuyet) VALUES (v_tk_tnv(6), v_cd_ids(13), 'HoanThanh') RETURNING MaThamGia INTO v_tmp;
    v_tg_ids(127) := v_tmp;
    INSERT INTO PhanCong(MaThamGia, MaCongViec, TrangThai) VALUES (v_tmp, v_cv_ids(25), 'DangThucHien') RETURNING MaPhanCong INTO v_tmp2;
    v_pc_ids(127) := v_tmp2;
    INSERT INTO DiemDanh(MaThamGia, NgayDiemDanh, TrangThai, SoGioGhiNhan) VALUES (v_tmp, DATE '2024-10-10', 'CoMat', 18);
    INSERT INTO ThamGiaTNV(MaTaiKhoan, MaChienDich, TrangThaiDuyet) VALUES (v_tk_tnv(23), v_cd_ids(13), 'HoanThanh') RETURNING MaThamGia INTO v_tmp;
    v_tg_ids(128) := v_tmp;
    INSERT INTO PhanCong(MaThamGia, MaCongViec, TrangThai) VALUES (v_tmp, v_cv_ids(25), 'DangThucHien') RETURNING MaPhanCong INTO v_tmp2;
    v_pc_ids(128) := v_tmp2;
    INSERT INTO DiemDanh(MaThamGia, NgayDiemDanh, TrangThai, SoGioGhiNhan) VALUES (v_tmp, DATE '2024-10-10', 'CoMat', 57);
    INSERT INTO ThamGiaTNV(MaTaiKhoan, MaChienDich, TrangThaiDuyet) VALUES (v_tk_tnv(11), v_cd_ids(13), 'HoanThanh') RETURNING MaThamGia INTO v_tmp;
    v_tg_ids(129) := v_tmp;
    INSERT INTO PhanCong(MaThamGia, MaCongViec, TrangThai) VALUES (v_tmp, v_cv_ids(25), 'DangThucHien') RETURNING MaPhanCong INTO v_tmp2;
    v_pc_ids(129) := v_tmp2;
    INSERT INTO DiemDanh(MaThamGia, NgayDiemDanh, TrangThai, SoGioGhiNhan) VALUES (v_tmp, DATE '2024-10-10', 'CoMat', 30);
    INSERT INTO ThamGiaTNV(MaTaiKhoan, MaChienDich, TrangThaiDuyet) VALUES (v_tk_tnv(27), v_cd_ids(13), 'HoanThanh') RETURNING MaThamGia INTO v_tmp;
    v_tg_ids(130) := v_tmp;
    INSERT INTO PhanCong(MaThamGia, MaCongViec, TrangThai) VALUES (v_tmp, v_cv_ids(25), 'DangThucHien') RETURNING MaPhanCong INTO v_tmp2;
    v_pc_ids(130) := v_tmp2;
    INSERT INTO DiemDanh(MaThamGia, NgayDiemDanh, TrangThai, SoGioGhiNhan) VALUES (v_tmp, DATE '2024-10-10', 'CoMat', 59);
    INSERT INTO ThamGiaTNV(MaTaiKhoan, MaChienDich, TrangThaiDuyet) VALUES (v_tk_tnv(50), v_cd_ids(14), 'HoanThanh') RETURNING MaThamGia INTO v_tmp;
    v_tg_ids(131) := v_tmp;
    INSERT INTO PhanCong(MaThamGia, MaCongViec, TrangThai) VALUES (v_tmp, v_cv_ids(27), 'DangThucHien') RETURNING MaPhanCong INTO v_tmp2;
    v_pc_ids(131) := v_tmp2;
    INSERT INTO DiemDanh(MaThamGia, NgayDiemDanh, TrangThai, SoGioGhiNhan) VALUES (v_tmp, DATE '2024-12-01', 'CoMat', 33);
    INSERT INTO ThamGiaTNV(MaTaiKhoan, MaChienDich, TrangThaiDuyet) VALUES (v_tk_tnv(17), v_cd_ids(14), 'HoanThanh') RETURNING MaThamGia INTO v_tmp;
    v_tg_ids(132) := v_tmp;
    INSERT INTO PhanCong(MaThamGia, MaCongViec, TrangThai) VALUES (v_tmp, v_cv_ids(27), 'DangThucHien') RETURNING MaPhanCong INTO v_tmp2;
    v_pc_ids(132) := v_tmp2;
    INSERT INTO DiemDanh(MaThamGia, NgayDiemDanh, TrangThai, SoGioGhiNhan) VALUES (v_tmp, DATE '2024-12-01', 'CoMat', 25);
    INSERT INTO ThamGiaTNV(MaTaiKhoan, MaChienDich, TrangThaiDuyet) VALUES (v_tk_tnv(7), v_cd_ids(14), 'HoanThanh') RETURNING MaThamGia INTO v_tmp;
    v_tg_ids(133) := v_tmp;
    INSERT INTO PhanCong(MaThamGia, MaCongViec, TrangThai) VALUES (v_tmp, v_cv_ids(27), 'DangThucHien') RETURNING MaPhanCong INTO v_tmp2;
    v_pc_ids(133) := v_tmp2;
    INSERT INTO DiemDanh(MaThamGia, NgayDiemDanh, TrangThai, SoGioGhiNhan) VALUES (v_tmp, DATE '2024-12-01', 'CoMat', 24);
    INSERT INTO ThamGiaTNV(MaTaiKhoan, MaChienDich, TrangThaiDuyet) VALUES (v_tk_tnv(39), v_cd_ids(14), 'HoanThanh') RETURNING MaThamGia INTO v_tmp;
    v_tg_ids(134) := v_tmp;
    INSERT INTO PhanCong(MaThamGia, MaCongViec, TrangThai) VALUES (v_tmp, v_cv_ids(27), 'DangThucHien') RETURNING MaPhanCong INTO v_tmp2;
    v_pc_ids(134) := v_tmp2;
    INSERT INTO DiemDanh(MaThamGia, NgayDiemDanh, TrangThai, SoGioGhiNhan) VALUES (v_tmp, DATE '2024-12-01', 'CoMat', 16);
    INSERT INTO ThamGiaTNV(MaTaiKhoan, MaChienDich, TrangThaiDuyet) VALUES (v_tk_tnv(3), v_cd_ids(14), 'HoanThanh') RETURNING MaThamGia INTO v_tmp;
    v_tg_ids(135) := v_tmp;
    INSERT INTO PhanCong(MaThamGia, MaCongViec, TrangThai) VALUES (v_tmp, v_cv_ids(27), 'DangThucHien') RETURNING MaPhanCong INTO v_tmp2;
    v_pc_ids(135) := v_tmp2;
    INSERT INTO DiemDanh(MaThamGia, NgayDiemDanh, TrangThai, SoGioGhiNhan) VALUES (v_tmp, DATE '2024-12-01', 'CoMat', 27);
    INSERT INTO ThamGiaTNV(MaTaiKhoan, MaChienDich, TrangThaiDuyet) VALUES (v_tk_tnv(5), v_cd_ids(14), 'HoanThanh') RETURNING MaThamGia INTO v_tmp;
    v_tg_ids(136) := v_tmp;
    INSERT INTO PhanCong(MaThamGia, MaCongViec, TrangThai) VALUES (v_tmp, v_cv_ids(28), 'DangThucHien') RETURNING MaPhanCong INTO v_tmp2;
    v_pc_ids(136) := v_tmp2;
    INSERT INTO DiemDanh(MaThamGia, NgayDiemDanh, TrangThai, SoGioGhiNhan) VALUES (v_tmp, DATE '2024-12-01', 'CoMat', 59);
    INSERT INTO ThamGiaTNV(MaTaiKhoan, MaChienDich, TrangThaiDuyet) VALUES (v_tk_tnv(48), v_cd_ids(14), 'HoanThanh') RETURNING MaThamGia INTO v_tmp;
    v_tg_ids(137) := v_tmp;
    INSERT INTO PhanCong(MaThamGia, MaCongViec, TrangThai) VALUES (v_tmp, v_cv_ids(28), 'DangThucHien') RETURNING MaPhanCong INTO v_tmp2;
    v_pc_ids(137) := v_tmp2;
    INSERT INTO DiemDanh(MaThamGia, NgayDiemDanh, TrangThai, SoGioGhiNhan) VALUES (v_tmp, DATE '2024-12-01', 'CoMat', 41);
    INSERT INTO ThamGiaTNV(MaTaiKhoan, MaChienDich, TrangThaiDuyet) VALUES (v_tk_tnv(14), v_cd_ids(14), 'HoanThanh') RETURNING MaThamGia INTO v_tmp;
    v_tg_ids(138) := v_tmp;
    INSERT INTO PhanCong(MaThamGia, MaCongViec, TrangThai) VALUES (v_tmp, v_cv_ids(28), 'DangThucHien') RETURNING MaPhanCong INTO v_tmp2;
    v_pc_ids(138) := v_tmp2;
    INSERT INTO DiemDanh(MaThamGia, NgayDiemDanh, TrangThai, SoGioGhiNhan) VALUES (v_tmp, DATE '2024-12-01', 'CoMat', 36);
    INSERT INTO ThamGiaTNV(MaTaiKhoan, MaChienDich, TrangThaiDuyet) VALUES (v_tk_tnv(27), v_cd_ids(14), 'HoanThanh') RETURNING MaThamGia INTO v_tmp;
    v_tg_ids(139) := v_tmp;
    INSERT INTO PhanCong(MaThamGia, MaCongViec, TrangThai) VALUES (v_tmp, v_cv_ids(28), 'DangThucHien') RETURNING MaPhanCong INTO v_tmp2;
    v_pc_ids(139) := v_tmp2;
    INSERT INTO DiemDanh(MaThamGia, NgayDiemDanh, TrangThai, SoGioGhiNhan) VALUES (v_tmp, DATE '2024-12-01', 'CoMat', 44);
    INSERT INTO ThamGiaTNV(MaTaiKhoan, MaChienDich, TrangThaiDuyet) VALUES (v_tk_tnv(10), v_cd_ids(14), 'HoanThanh') RETURNING MaThamGia INTO v_tmp;
    v_tg_ids(140) := v_tmp;
    INSERT INTO PhanCong(MaThamGia, MaCongViec, TrangThai) VALUES (v_tmp, v_cv_ids(28), 'DangThucHien') RETURNING MaPhanCong INTO v_tmp2;
    v_pc_ids(140) := v_tmp2;
    INSERT INTO DiemDanh(MaThamGia, NgayDiemDanh, TrangThai, SoGioGhiNhan) VALUES (v_tmp, DATE '2024-12-01', 'CoMat', 36);
    INSERT INTO ThamGiaTNV(MaTaiKhoan, MaChienDich, TrangThaiDuyet) VALUES (v_tk_tnv(35), v_cd_ids(15), 'HoanThanh') RETURNING MaThamGia INTO v_tmp;
    v_tg_ids(141) := v_tmp;
    INSERT INTO PhanCong(MaThamGia, MaCongViec, TrangThai) VALUES (v_tmp, v_cv_ids(30), 'DangThucHien') RETURNING MaPhanCong INTO v_tmp2;
    v_pc_ids(141) := v_tmp2;
    INSERT INTO DiemDanh(MaThamGia, NgayDiemDanh, TrangThai, SoGioGhiNhan) VALUES (v_tmp, DATE '2024-05-01', 'CoMat', 25);
    INSERT INTO ThamGiaTNV(MaTaiKhoan, MaChienDich, TrangThaiDuyet) VALUES (v_tk_tnv(45), v_cd_ids(15), 'HoanThanh') RETURNING MaThamGia INTO v_tmp;
    v_tg_ids(142) := v_tmp;
    INSERT INTO PhanCong(MaThamGia, MaCongViec, TrangThai) VALUES (v_tmp, v_cv_ids(29), 'DangThucHien') RETURNING MaPhanCong INTO v_tmp2;
    v_pc_ids(142) := v_tmp2;
    INSERT INTO DiemDanh(MaThamGia, NgayDiemDanh, TrangThai, SoGioGhiNhan) VALUES (v_tmp, DATE '2024-05-01', 'CoMat', 59);
    INSERT INTO ThamGiaTNV(MaTaiKhoan, MaChienDich, TrangThaiDuyet) VALUES (v_tk_tnv(6), v_cd_ids(15), 'HoanThanh') RETURNING MaThamGia INTO v_tmp;
    v_tg_ids(143) := v_tmp;
    INSERT INTO PhanCong(MaThamGia, MaCongViec, TrangThai) VALUES (v_tmp, v_cv_ids(30), 'DangThucHien') RETURNING MaPhanCong INTO v_tmp2;
    v_pc_ids(143) := v_tmp2;
    INSERT INTO DiemDanh(MaThamGia, NgayDiemDanh, TrangThai, SoGioGhiNhan) VALUES (v_tmp, DATE '2024-05-01', 'CoMat', 49);
    INSERT INTO ThamGiaTNV(MaTaiKhoan, MaChienDich, TrangThaiDuyet) VALUES (v_tk_tnv(34), v_cd_ids(15), 'HoanThanh') RETURNING MaThamGia INTO v_tmp;
    v_tg_ids(144) := v_tmp;
    INSERT INTO PhanCong(MaThamGia, MaCongViec, TrangThai) VALUES (v_tmp, v_cv_ids(29), 'DangThucHien') RETURNING MaPhanCong INTO v_tmp2;
    v_pc_ids(144) := v_tmp2;
    INSERT INTO DiemDanh(MaThamGia, NgayDiemDanh, TrangThai, SoGioGhiNhan) VALUES (v_tmp, DATE '2024-05-01', 'CoMat', 50);
    INSERT INTO ThamGiaTNV(MaTaiKhoan, MaChienDich, TrangThaiDuyet) VALUES (v_tk_tnv(38), v_cd_ids(15), 'HoanThanh') RETURNING MaThamGia INTO v_tmp;
    v_tg_ids(145) := v_tmp;
    INSERT INTO PhanCong(MaThamGia, MaCongViec, TrangThai) VALUES (v_tmp, v_cv_ids(29), 'DangThucHien') RETURNING MaPhanCong INTO v_tmp2;
    v_pc_ids(145) := v_tmp2;
    INSERT INTO DiemDanh(MaThamGia, NgayDiemDanh, TrangThai, SoGioGhiNhan) VALUES (v_tmp, DATE '2024-05-01', 'CoMat', 34);
    INSERT INTO ThamGiaTNV(MaTaiKhoan, MaChienDich, TrangThaiDuyet) VALUES (v_tk_tnv(2), v_cd_ids(15), 'HoanThanh') RETURNING MaThamGia INTO v_tmp;
    v_tg_ids(146) := v_tmp;
    INSERT INTO PhanCong(MaThamGia, MaCongViec, TrangThai) VALUES (v_tmp, v_cv_ids(30), 'DangThucHien') RETURNING MaPhanCong INTO v_tmp2;
    v_pc_ids(146) := v_tmp2;
    INSERT INTO DiemDanh(MaThamGia, NgayDiemDanh, TrangThai, SoGioGhiNhan) VALUES (v_tmp, DATE '2024-05-01', 'CoMat', 39);
    INSERT INTO ThamGiaTNV(MaTaiKhoan, MaChienDich, TrangThaiDuyet) VALUES (v_tk_tnv(36), v_cd_ids(15), 'HoanThanh') RETURNING MaThamGia INTO v_tmp;
    v_tg_ids(147) := v_tmp;
    INSERT INTO PhanCong(MaThamGia, MaCongViec, TrangThai) VALUES (v_tmp, v_cv_ids(29), 'DangThucHien') RETURNING MaPhanCong INTO v_tmp2;
    v_pc_ids(147) := v_tmp2;
    INSERT INTO DiemDanh(MaThamGia, NgayDiemDanh, TrangThai, SoGioGhiNhan) VALUES (v_tmp, DATE '2024-05-01', 'CoMat', 46);
    INSERT INTO ThamGiaTNV(MaTaiKhoan, MaChienDich, TrangThaiDuyet) VALUES (v_tk_tnv(50), v_cd_ids(15), 'HoanThanh') RETURNING MaThamGia INTO v_tmp;
    v_tg_ids(148) := v_tmp;
    INSERT INTO PhanCong(MaThamGia, MaCongViec, TrangThai) VALUES (v_tmp, v_cv_ids(29), 'DangThucHien') RETURNING MaPhanCong INTO v_tmp2;
    v_pc_ids(148) := v_tmp2;
    INSERT INTO DiemDanh(MaThamGia, NgayDiemDanh, TrangThai, SoGioGhiNhan) VALUES (v_tmp, DATE '2024-05-01', 'CoMat', 49);
    INSERT INTO ThamGiaTNV(MaTaiKhoan, MaChienDich, TrangThaiDuyet) VALUES (v_tk_tnv(33), v_cd_ids(15), 'HoanThanh') RETURNING MaThamGia INTO v_tmp;
    v_tg_ids(149) := v_tmp;
    INSERT INTO PhanCong(MaThamGia, MaCongViec, TrangThai) VALUES (v_tmp, v_cv_ids(30), 'DangThucHien') RETURNING MaPhanCong INTO v_tmp2;
    v_pc_ids(149) := v_tmp2;
    INSERT INTO DiemDanh(MaThamGia, NgayDiemDanh, TrangThai, SoGioGhiNhan) VALUES (v_tmp, DATE '2024-05-01', 'CoMat', 36);
    INSERT INTO ThamGiaTNV(MaTaiKhoan, MaChienDich, TrangThaiDuyet) VALUES (v_tk_tnv(9), v_cd_ids(15), 'HoanThanh') RETURNING MaThamGia INTO v_tmp;
    v_tg_ids(150) := v_tmp;
    INSERT INTO PhanCong(MaThamGia, MaCongViec, TrangThai) VALUES (v_tmp, v_cv_ids(29), 'DangThucHien') RETURNING MaPhanCong INTO v_tmp2;
    v_pc_ids(150) := v_tmp2;
    INSERT INTO DiemDanh(MaThamGia, NgayDiemDanh, TrangThai, SoGioGhiNhan) VALUES (v_tmp, DATE '2024-05-01', 'CoMat', 10);
    INSERT INTO ThamGiaTNV(MaTaiKhoan, MaChienDich, TrangThaiDuyet) VALUES (v_tk_tnv(46), v_cd_ids(16), 'HoanThanh') RETURNING MaThamGia INTO v_tmp;
    v_tg_ids(151) := v_tmp;
    INSERT INTO PhanCong(MaThamGia, MaCongViec, TrangThai) VALUES (v_tmp, v_cv_ids(32), 'DangThucHien') RETURNING MaPhanCong INTO v_tmp2;
    v_pc_ids(151) := v_tmp2;
    INSERT INTO DiemDanh(MaThamGia, NgayDiemDanh, TrangThai, SoGioGhiNhan) VALUES (v_tmp, DATE '2024-10-20', 'CoMat', 42);
    INSERT INTO ThamGiaTNV(MaTaiKhoan, MaChienDich, TrangThaiDuyet) VALUES (v_tk_tnv(29), v_cd_ids(16), 'HoanThanh') RETURNING MaThamGia INTO v_tmp;
    v_tg_ids(152) := v_tmp;
    INSERT INTO PhanCong(MaThamGia, MaCongViec, TrangThai) VALUES (v_tmp, v_cv_ids(31), 'DangThucHien') RETURNING MaPhanCong INTO v_tmp2;
    v_pc_ids(152) := v_tmp2;
    INSERT INTO DiemDanh(MaThamGia, NgayDiemDanh, TrangThai, SoGioGhiNhan) VALUES (v_tmp, DATE '2024-10-20', 'CoMat', 32);
    INSERT INTO ThamGiaTNV(MaTaiKhoan, MaChienDich, TrangThaiDuyet) VALUES (v_tk_tnv(12), v_cd_ids(16), 'HoanThanh') RETURNING MaThamGia INTO v_tmp;
    v_tg_ids(153) := v_tmp;
    INSERT INTO PhanCong(MaThamGia, MaCongViec, TrangThai) VALUES (v_tmp, v_cv_ids(32), 'DangThucHien') RETURNING MaPhanCong INTO v_tmp2;
    v_pc_ids(153) := v_tmp2;
    INSERT INTO DiemDanh(MaThamGia, NgayDiemDanh, TrangThai, SoGioGhiNhan) VALUES (v_tmp, DATE '2024-10-20', 'CoMat', 48);
    INSERT INTO ThamGiaTNV(MaTaiKhoan, MaChienDich, TrangThaiDuyet) VALUES (v_tk_tnv(47), v_cd_ids(16), 'HoanThanh') RETURNING MaThamGia INTO v_tmp;
    v_tg_ids(154) := v_tmp;
    INSERT INTO PhanCong(MaThamGia, MaCongViec, TrangThai) VALUES (v_tmp, v_cv_ids(31), 'DangThucHien') RETURNING MaPhanCong INTO v_tmp2;
    v_pc_ids(154) := v_tmp2;
    INSERT INTO DiemDanh(MaThamGia, NgayDiemDanh, TrangThai, SoGioGhiNhan) VALUES (v_tmp, DATE '2024-10-20', 'CoMat', 41);
    INSERT INTO ThamGiaTNV(MaTaiKhoan, MaChienDich, TrangThaiDuyet) VALUES (v_tk_tnv(44), v_cd_ids(16), 'HoanThanh') RETURNING MaThamGia INTO v_tmp;
    v_tg_ids(155) := v_tmp;
    INSERT INTO PhanCong(MaThamGia, MaCongViec, TrangThai) VALUES (v_tmp, v_cv_ids(32), 'DangThucHien') RETURNING MaPhanCong INTO v_tmp2;
    v_pc_ids(155) := v_tmp2;
    INSERT INTO DiemDanh(MaThamGia, NgayDiemDanh, TrangThai, SoGioGhiNhan) VALUES (v_tmp, DATE '2024-10-20', 'CoMat', 29);
    INSERT INTO ThamGiaTNV(MaTaiKhoan, MaChienDich, TrangThaiDuyet) VALUES (v_tk_tnv(18), v_cd_ids(16), 'HoanThanh') RETURNING MaThamGia INTO v_tmp;
    v_tg_ids(156) := v_tmp;
    INSERT INTO PhanCong(MaThamGia, MaCongViec, TrangThai) VALUES (v_tmp, v_cv_ids(32), 'DangThucHien') RETURNING MaPhanCong INTO v_tmp2;
    v_pc_ids(156) := v_tmp2;
    INSERT INTO DiemDanh(MaThamGia, NgayDiemDanh, TrangThai, SoGioGhiNhan) VALUES (v_tmp, DATE '2024-10-20', 'CoMat', 10);
    INSERT INTO ThamGiaTNV(MaTaiKhoan, MaChienDich, TrangThaiDuyet) VALUES (v_tk_tnv(42), v_cd_ids(16), 'HoanThanh') RETURNING MaThamGia INTO v_tmp;
    v_tg_ids(157) := v_tmp;
    INSERT INTO PhanCong(MaThamGia, MaCongViec, TrangThai) VALUES (v_tmp, v_cv_ids(31), 'DangThucHien') RETURNING MaPhanCong INTO v_tmp2;
    v_pc_ids(157) := v_tmp2;
    INSERT INTO DiemDanh(MaThamGia, NgayDiemDanh, TrangThai, SoGioGhiNhan) VALUES (v_tmp, DATE '2024-10-20', 'CoMat', 36);
    INSERT INTO ThamGiaTNV(MaTaiKhoan, MaChienDich, TrangThaiDuyet) VALUES (v_tk_tnv(17), v_cd_ids(16), 'HoanThanh') RETURNING MaThamGia INTO v_tmp;
    v_tg_ids(158) := v_tmp;
    INSERT INTO PhanCong(MaThamGia, MaCongViec, TrangThai) VALUES (v_tmp, v_cv_ids(32), 'DangThucHien') RETURNING MaPhanCong INTO v_tmp2;
    v_pc_ids(158) := v_tmp2;
    INSERT INTO DiemDanh(MaThamGia, NgayDiemDanh, TrangThai, SoGioGhiNhan) VALUES (v_tmp, DATE '2024-10-20', 'CoMat', 16);
    INSERT INTO ThamGiaTNV(MaTaiKhoan, MaChienDich, TrangThaiDuyet) VALUES (v_tk_tnv(23), v_cd_ids(16), 'HoanThanh') RETURNING MaThamGia INTO v_tmp;
    v_tg_ids(159) := v_tmp;
    INSERT INTO PhanCong(MaThamGia, MaCongViec, TrangThai) VALUES (v_tmp, v_cv_ids(32), 'DangThucHien') RETURNING MaPhanCong INTO v_tmp2;
    v_pc_ids(159) := v_tmp2;
    INSERT INTO DiemDanh(MaThamGia, NgayDiemDanh, TrangThai, SoGioGhiNhan) VALUES (v_tmp, DATE '2024-10-20', 'CoMat', 34);
    INSERT INTO ThamGiaTNV(MaTaiKhoan, MaChienDich, TrangThaiDuyet) VALUES (v_tk_tnv(5), v_cd_ids(16), 'HoanThanh') RETURNING MaThamGia INTO v_tmp;
    v_tg_ids(160) := v_tmp;
    INSERT INTO PhanCong(MaThamGia, MaCongViec, TrangThai) VALUES (v_tmp, v_cv_ids(31), 'DangThucHien') RETURNING MaPhanCong INTO v_tmp2;
    v_pc_ids(160) := v_tmp2;
    INSERT INTO DiemDanh(MaThamGia, NgayDiemDanh, TrangThai, SoGioGhiNhan) VALUES (v_tmp, DATE '2024-10-20', 'CoMat', 44);
    INSERT INTO ThamGiaTNV(MaTaiKhoan, MaChienDich, TrangThaiDuyet) VALUES (v_tk_tnv(40), v_cd_ids(17), 'HoanThanh') RETURNING MaThamGia INTO v_tmp;
    v_tg_ids(161) := v_tmp;
    INSERT INTO PhanCong(MaThamGia, MaCongViec, TrangThai) VALUES (v_tmp, v_cv_ids(34), 'DangThucHien') RETURNING MaPhanCong INTO v_tmp2;
    v_pc_ids(161) := v_tmp2;
    INSERT INTO DiemDanh(MaThamGia, NgayDiemDanh, TrangThai, SoGioGhiNhan) VALUES (v_tmp, DATE '2024-02-01', 'CoMat', 57);
    INSERT INTO ThamGiaTNV(MaTaiKhoan, MaChienDich, TrangThaiDuyet) VALUES (v_tk_tnv(21), v_cd_ids(17), 'HoanThanh') RETURNING MaThamGia INTO v_tmp;
    v_tg_ids(162) := v_tmp;
    INSERT INTO PhanCong(MaThamGia, MaCongViec, TrangThai) VALUES (v_tmp, v_cv_ids(33), 'DangThucHien') RETURNING MaPhanCong INTO v_tmp2;
    v_pc_ids(162) := v_tmp2;
    INSERT INTO DiemDanh(MaThamGia, NgayDiemDanh, TrangThai, SoGioGhiNhan) VALUES (v_tmp, DATE '2024-02-01', 'CoMat', 52);
    INSERT INTO ThamGiaTNV(MaTaiKhoan, MaChienDich, TrangThaiDuyet) VALUES (v_tk_tnv(30), v_cd_ids(17), 'HoanThanh') RETURNING MaThamGia INTO v_tmp;
    v_tg_ids(163) := v_tmp;
    INSERT INTO PhanCong(MaThamGia, MaCongViec, TrangThai) VALUES (v_tmp, v_cv_ids(34), 'DangThucHien') RETURNING MaPhanCong INTO v_tmp2;
    v_pc_ids(163) := v_tmp2;
    INSERT INTO DiemDanh(MaThamGia, NgayDiemDanh, TrangThai, SoGioGhiNhan) VALUES (v_tmp, DATE '2024-02-01', 'CoMat', 22);
    INSERT INTO ThamGiaTNV(MaTaiKhoan, MaChienDich, TrangThaiDuyet) VALUES (v_tk_tnv(41), v_cd_ids(17), 'HoanThanh') RETURNING MaThamGia INTO v_tmp;
    v_tg_ids(164) := v_tmp;
    INSERT INTO PhanCong(MaThamGia, MaCongViec, TrangThai) VALUES (v_tmp, v_cv_ids(34), 'DangThucHien') RETURNING MaPhanCong INTO v_tmp2;
    v_pc_ids(164) := v_tmp2;
    INSERT INTO DiemDanh(MaThamGia, NgayDiemDanh, TrangThai, SoGioGhiNhan) VALUES (v_tmp, DATE '2024-02-01', 'CoMat', 32);
    INSERT INTO ThamGiaTNV(MaTaiKhoan, MaChienDich, TrangThaiDuyet) VALUES (v_tk_tnv(16), v_cd_ids(17), 'HoanThanh') RETURNING MaThamGia INTO v_tmp;
    v_tg_ids(165) := v_tmp;
    INSERT INTO PhanCong(MaThamGia, MaCongViec, TrangThai) VALUES (v_tmp, v_cv_ids(34), 'DangThucHien') RETURNING MaPhanCong INTO v_tmp2;
    v_pc_ids(165) := v_tmp2;
    INSERT INTO DiemDanh(MaThamGia, NgayDiemDanh, TrangThai, SoGioGhiNhan) VALUES (v_tmp, DATE '2024-02-01', 'CoMat', 27);
    INSERT INTO ThamGiaTNV(MaTaiKhoan, MaChienDich, TrangThaiDuyet) VALUES (v_tk_tnv(18), v_cd_ids(17), 'HoanThanh') RETURNING MaThamGia INTO v_tmp;
    v_tg_ids(166) := v_tmp;
    INSERT INTO PhanCong(MaThamGia, MaCongViec, TrangThai) VALUES (v_tmp, v_cv_ids(33), 'DangThucHien') RETURNING MaPhanCong INTO v_tmp2;
    v_pc_ids(166) := v_tmp2;
    INSERT INTO DiemDanh(MaThamGia, NgayDiemDanh, TrangThai, SoGioGhiNhan) VALUES (v_tmp, DATE '2024-02-01', 'CoMat', 13);
    INSERT INTO ThamGiaTNV(MaTaiKhoan, MaChienDich, TrangThaiDuyet) VALUES (v_tk_tnv(25), v_cd_ids(17), 'HoanThanh') RETURNING MaThamGia INTO v_tmp;
    v_tg_ids(167) := v_tmp;
    INSERT INTO PhanCong(MaThamGia, MaCongViec, TrangThai) VALUES (v_tmp, v_cv_ids(33), 'DangThucHien') RETURNING MaPhanCong INTO v_tmp2;
    v_pc_ids(167) := v_tmp2;
    INSERT INTO DiemDanh(MaThamGia, NgayDiemDanh, TrangThai, SoGioGhiNhan) VALUES (v_tmp, DATE '2024-02-01', 'CoMat', 32);
    INSERT INTO ThamGiaTNV(MaTaiKhoan, MaChienDich, TrangThaiDuyet) VALUES (v_tk_tnv(33), v_cd_ids(17), 'HoanThanh') RETURNING MaThamGia INTO v_tmp;
    v_tg_ids(168) := v_tmp;
    INSERT INTO PhanCong(MaThamGia, MaCongViec, TrangThai) VALUES (v_tmp, v_cv_ids(34), 'DangThucHien') RETURNING MaPhanCong INTO v_tmp2;
    v_pc_ids(168) := v_tmp2;
    INSERT INTO DiemDanh(MaThamGia, NgayDiemDanh, TrangThai, SoGioGhiNhan) VALUES (v_tmp, DATE '2024-02-01', 'CoMat', 38);
    INSERT INTO ThamGiaTNV(MaTaiKhoan, MaChienDich, TrangThaiDuyet) VALUES (v_tk_tnv(49), v_cd_ids(17), 'HoanThanh') RETURNING MaThamGia INTO v_tmp;
    v_tg_ids(169) := v_tmp;
    INSERT INTO PhanCong(MaThamGia, MaCongViec, TrangThai) VALUES (v_tmp, v_cv_ids(34), 'DangThucHien') RETURNING MaPhanCong INTO v_tmp2;
    v_pc_ids(169) := v_tmp2;
    INSERT INTO DiemDanh(MaThamGia, NgayDiemDanh, TrangThai, SoGioGhiNhan) VALUES (v_tmp, DATE '2024-02-01', 'CoMat', 35);
    INSERT INTO ThamGiaTNV(MaTaiKhoan, MaChienDich, TrangThaiDuyet) VALUES (v_tk_tnv(27), v_cd_ids(17), 'HoanThanh') RETURNING MaThamGia INTO v_tmp;
    v_tg_ids(170) := v_tmp;
    INSERT INTO PhanCong(MaThamGia, MaCongViec, TrangThai) VALUES (v_tmp, v_cv_ids(33), 'DangThucHien') RETURNING MaPhanCong INTO v_tmp2;
    v_pc_ids(170) := v_tmp2;
    INSERT INTO DiemDanh(MaThamGia, NgayDiemDanh, TrangThai, SoGioGhiNhan) VALUES (v_tmp, DATE '2024-02-01', 'CoMat', 14);
    INSERT INTO ThamGiaTNV(MaTaiKhoan, MaChienDich, TrangThaiDuyet) VALUES (v_tk_tnv(47), v_cd_ids(18), 'DaDuyet') RETURNING MaThamGia INTO v_tmp;
    v_tg_ids(171) := v_tmp;
    INSERT INTO PhanCong(MaThamGia, MaCongViec, TrangThai) VALUES (v_tmp, v_cv_ids(36), 'DangThucHien') RETURNING MaPhanCong INTO v_tmp2;
    v_pc_ids(171) := v_tmp2;
    INSERT INTO DiemDanh(MaThamGia, NgayDiemDanh, TrangThai, SoGioGhiNhan) VALUES (v_tmp, DATE '2025-01-05', 'CoMat', 21);
    INSERT INTO ThamGiaTNV(MaTaiKhoan, MaChienDich, TrangThaiDuyet) VALUES (v_tk_tnv(17), v_cd_ids(18), 'DaDuyet') RETURNING MaThamGia INTO v_tmp;
    v_tg_ids(172) := v_tmp;
    INSERT INTO PhanCong(MaThamGia, MaCongViec, TrangThai) VALUES (v_tmp, v_cv_ids(36), 'DangThucHien') RETURNING MaPhanCong INTO v_tmp2;
    v_pc_ids(172) := v_tmp2;
    INSERT INTO DiemDanh(MaThamGia, NgayDiemDanh, TrangThai, SoGioGhiNhan) VALUES (v_tmp, DATE '2025-01-05', 'CoMat', 43);
    INSERT INTO ThamGiaTNV(MaTaiKhoan, MaChienDich, TrangThaiDuyet) VALUES (v_tk_tnv(49), v_cd_ids(18), 'DaDuyet') RETURNING MaThamGia INTO v_tmp;
    v_tg_ids(173) := v_tmp;
    INSERT INTO PhanCong(MaThamGia, MaCongViec, TrangThai) VALUES (v_tmp, v_cv_ids(36), 'DangThucHien') RETURNING MaPhanCong INTO v_tmp2;
    v_pc_ids(173) := v_tmp2;
    INSERT INTO DiemDanh(MaThamGia, NgayDiemDanh, TrangThai, SoGioGhiNhan) VALUES (v_tmp, DATE '2025-01-05', 'CoMat', 11);
    INSERT INTO ThamGiaTNV(MaTaiKhoan, MaChienDich, TrangThaiDuyet) VALUES (v_tk_tnv(28), v_cd_ids(18), 'DaDuyet') RETURNING MaThamGia INTO v_tmp;
    v_tg_ids(174) := v_tmp;
    INSERT INTO PhanCong(MaThamGia, MaCongViec, TrangThai) VALUES (v_tmp, v_cv_ids(36), 'DangThucHien') RETURNING MaPhanCong INTO v_tmp2;
    v_pc_ids(174) := v_tmp2;
    INSERT INTO DiemDanh(MaThamGia, NgayDiemDanh, TrangThai, SoGioGhiNhan) VALUES (v_tmp, DATE '2025-01-05', 'CoMat', 53);
    INSERT INTO ThamGiaTNV(MaTaiKhoan, MaChienDich, TrangThaiDuyet) VALUES (v_tk_tnv(42), v_cd_ids(18), 'DaDuyet') RETURNING MaThamGia INTO v_tmp;
    v_tg_ids(175) := v_tmp;
    INSERT INTO PhanCong(MaThamGia, MaCongViec, TrangThai) VALUES (v_tmp, v_cv_ids(35), 'DangThucHien') RETURNING MaPhanCong INTO v_tmp2;
    v_pc_ids(175) := v_tmp2;
    INSERT INTO DiemDanh(MaThamGia, NgayDiemDanh, TrangThai, SoGioGhiNhan) VALUES (v_tmp, DATE '2025-01-05', 'CoMat', 26);
    INSERT INTO ThamGiaTNV(MaTaiKhoan, MaChienDich, TrangThaiDuyet) VALUES (v_tk_tnv(22), v_cd_ids(18), 'DaDuyet') RETURNING MaThamGia INTO v_tmp;
    v_tg_ids(176) := v_tmp;
    INSERT INTO PhanCong(MaThamGia, MaCongViec, TrangThai) VALUES (v_tmp, v_cv_ids(36), 'DangThucHien') RETURNING MaPhanCong INTO v_tmp2;
    v_pc_ids(176) := v_tmp2;
    INSERT INTO DiemDanh(MaThamGia, NgayDiemDanh, TrangThai, SoGioGhiNhan) VALUES (v_tmp, DATE '2025-01-05', 'CoMat', 38);
    INSERT INTO ThamGiaTNV(MaTaiKhoan, MaChienDich, TrangThaiDuyet) VALUES (v_tk_tnv(12), v_cd_ids(18), 'DaDuyet') RETURNING MaThamGia INTO v_tmp;
    v_tg_ids(177) := v_tmp;
    INSERT INTO PhanCong(MaThamGia, MaCongViec, TrangThai) VALUES (v_tmp, v_cv_ids(35), 'DangThucHien') RETURNING MaPhanCong INTO v_tmp2;
    v_pc_ids(177) := v_tmp2;
    INSERT INTO DiemDanh(MaThamGia, NgayDiemDanh, TrangThai, SoGioGhiNhan) VALUES (v_tmp, DATE '2025-01-05', 'CoMat', 36);
    INSERT INTO ThamGiaTNV(MaTaiKhoan, MaChienDich, TrangThaiDuyet) VALUES (v_tk_tnv(15), v_cd_ids(18), 'DaDuyet') RETURNING MaThamGia INTO v_tmp;
    v_tg_ids(178) := v_tmp;
    INSERT INTO PhanCong(MaThamGia, MaCongViec, TrangThai) VALUES (v_tmp, v_cv_ids(35), 'DangThucHien') RETURNING MaPhanCong INTO v_tmp2;
    v_pc_ids(178) := v_tmp2;
    INSERT INTO DiemDanh(MaThamGia, NgayDiemDanh, TrangThai, SoGioGhiNhan) VALUES (v_tmp, DATE '2025-01-05', 'CoMat', 57);
    INSERT INTO ThamGiaTNV(MaTaiKhoan, MaChienDich, TrangThaiDuyet) VALUES (v_tk_tnv(9), v_cd_ids(18), 'DaDuyet') RETURNING MaThamGia INTO v_tmp;
    v_tg_ids(179) := v_tmp;
    INSERT INTO PhanCong(MaThamGia, MaCongViec, TrangThai) VALUES (v_tmp, v_cv_ids(35), 'DangThucHien') RETURNING MaPhanCong INTO v_tmp2;
    v_pc_ids(179) := v_tmp2;
    INSERT INTO DiemDanh(MaThamGia, NgayDiemDanh, TrangThai, SoGioGhiNhan) VALUES (v_tmp, DATE '2025-01-05', 'CoMat', 19);
    INSERT INTO ThamGiaTNV(MaTaiKhoan, MaChienDich, TrangThaiDuyet) VALUES (v_tk_tnv(36), v_cd_ids(18), 'DaDuyet') RETURNING MaThamGia INTO v_tmp;
    v_tg_ids(180) := v_tmp;
    INSERT INTO PhanCong(MaThamGia, MaCongViec, TrangThai) VALUES (v_tmp, v_cv_ids(36), 'DangThucHien') RETURNING MaPhanCong INTO v_tmp2;
    v_pc_ids(180) := v_tmp2;
    INSERT INTO DiemDanh(MaThamGia, NgayDiemDanh, TrangThai, SoGioGhiNhan) VALUES (v_tmp, DATE '2025-01-05', 'CoMat', 11);
    INSERT INTO ThamGiaTNV(MaTaiKhoan, MaChienDich, TrangThaiDuyet) VALUES (v_tk_tnv(18), v_cd_ids(19), 'ChoDuyet') RETURNING MaThamGia INTO v_tmp;
    v_tg_ids(181) := v_tmp;
    INSERT INTO ThamGiaTNV(MaTaiKhoan, MaChienDich, TrangThaiDuyet) VALUES (v_tk_tnv(36), v_cd_ids(19), 'ChoDuyet') RETURNING MaThamGia INTO v_tmp;
    v_tg_ids(182) := v_tmp;
    INSERT INTO ThamGiaTNV(MaTaiKhoan, MaChienDich, TrangThaiDuyet) VALUES (v_tk_tnv(13), v_cd_ids(19), 'ChoDuyet') RETURNING MaThamGia INTO v_tmp;
    v_tg_ids(183) := v_tmp;
    INSERT INTO ThamGiaTNV(MaTaiKhoan, MaChienDich, TrangThaiDuyet) VALUES (v_tk_tnv(11), v_cd_ids(19), 'ChoDuyet') RETURNING MaThamGia INTO v_tmp;
    v_tg_ids(184) := v_tmp;
    INSERT INTO ThamGiaTNV(MaTaiKhoan, MaChienDich, TrangThaiDuyet) VALUES (v_tk_tnv(49), v_cd_ids(19), 'ChoDuyet') RETURNING MaThamGia INTO v_tmp;
    v_tg_ids(185) := v_tmp;
    INSERT INTO ThamGiaTNV(MaTaiKhoan, MaChienDich, TrangThaiDuyet) VALUES (v_tk_tnv(26), v_cd_ids(19), 'ChoDuyet') RETURNING MaThamGia INTO v_tmp;
    v_tg_ids(186) := v_tmp;
    INSERT INTO ThamGiaTNV(MaTaiKhoan, MaChienDich, TrangThaiDuyet) VALUES (v_tk_tnv(16), v_cd_ids(19), 'ChoDuyet') RETURNING MaThamGia INTO v_tmp;
    v_tg_ids(187) := v_tmp;
    INSERT INTO ThamGiaTNV(MaTaiKhoan, MaChienDich, TrangThaiDuyet) VALUES (v_tk_tnv(29), v_cd_ids(19), 'ChoDuyet') RETURNING MaThamGia INTO v_tmp;
    v_tg_ids(188) := v_tmp;
    INSERT INTO ThamGiaTNV(MaTaiKhoan, MaChienDich, TrangThaiDuyet) VALUES (v_tk_tnv(47), v_cd_ids(19), 'ChoDuyet') RETURNING MaThamGia INTO v_tmp;
    v_tg_ids(189) := v_tmp;
    INSERT INTO ThamGiaTNV(MaTaiKhoan, MaChienDich, TrangThaiDuyet) VALUES (v_tk_tnv(14), v_cd_ids(19), 'ChoDuyet') RETURNING MaThamGia INTO v_tmp;
    v_tg_ids(190) := v_tmp;
    INSERT INTO ThamGiaTNV(MaTaiKhoan, MaChienDich, TrangThaiDuyet) VALUES (v_tk_tnv(45), v_cd_ids(20), 'ChoDuyet') RETURNING MaThamGia INTO v_tmp;
    v_tg_ids(191) := v_tmp;
    INSERT INTO ThamGiaTNV(MaTaiKhoan, MaChienDich, TrangThaiDuyet) VALUES (v_tk_tnv(23), v_cd_ids(20), 'ChoDuyet') RETURNING MaThamGia INTO v_tmp;
    v_tg_ids(192) := v_tmp;
    INSERT INTO ThamGiaTNV(MaTaiKhoan, MaChienDich, TrangThaiDuyet) VALUES (v_tk_tnv(16), v_cd_ids(20), 'ChoDuyet') RETURNING MaThamGia INTO v_tmp;
    v_tg_ids(193) := v_tmp;
    INSERT INTO ThamGiaTNV(MaTaiKhoan, MaChienDich, TrangThaiDuyet) VALUES (v_tk_tnv(26), v_cd_ids(20), 'ChoDuyet') RETURNING MaThamGia INTO v_tmp;
    v_tg_ids(194) := v_tmp;
    INSERT INTO ThamGiaTNV(MaTaiKhoan, MaChienDich, TrangThaiDuyet) VALUES (v_tk_tnv(33), v_cd_ids(20), 'ChoDuyet') RETURNING MaThamGia INTO v_tmp;
    v_tg_ids(195) := v_tmp;
    INSERT INTO ThamGiaTNV(MaTaiKhoan, MaChienDich, TrangThaiDuyet) VALUES (v_tk_tnv(25), v_cd_ids(20), 'ChoDuyet') RETURNING MaThamGia INTO v_tmp;
    v_tg_ids(196) := v_tmp;
    INSERT INTO ThamGiaTNV(MaTaiKhoan, MaChienDich, TrangThaiDuyet) VALUES (v_tk_tnv(29), v_cd_ids(20), 'ChoDuyet') RETURNING MaThamGia INTO v_tmp;
    v_tg_ids(197) := v_tmp;
    INSERT INTO ThamGiaTNV(MaTaiKhoan, MaChienDich, TrangThaiDuyet) VALUES (v_tk_tnv(6), v_cd_ids(20), 'ChoDuyet') RETURNING MaThamGia INTO v_tmp;
    v_tg_ids(198) := v_tmp;
    INSERT INTO ThamGiaTNV(MaTaiKhoan, MaChienDich, TrangThaiDuyet) VALUES (v_tk_tnv(30), v_cd_ids(20), 'ChoDuyet') RETURNING MaThamGia INTO v_tmp;
    v_tg_ids(199) := v_tmp;
    INSERT INTO ThamGiaTNV(MaTaiKhoan, MaChienDich, TrangThaiDuyet) VALUES (v_tk_tnv(27), v_cd_ids(20), 'ChoDuyet') RETURNING MaThamGia INTO v_tmp;
    v_tg_ids(200) := v_tmp;

    -- 8. CAP CHUNG NHAN (Qua SP_CAP_CHUNGNHAN_CD)
    SP_CAP_CHUNGNHAN_CD(v_cd_ids(1));
    SP_CAP_CHUNGNHAN_CD(v_cd_ids(2));
    SP_CAP_CHUNGNHAN_CD(v_cd_ids(3));
    SP_CAP_CHUNGNHAN_CD(v_cd_ids(4));
    SP_CAP_CHUNGNHAN_CD(v_cd_ids(5));
    SP_CAP_CHUNGNHAN_CD(v_cd_ids(6));
    SP_CAP_CHUNGNHAN_CD(v_cd_ids(7));
    SP_CAP_CHUNGNHAN_CD(v_cd_ids(8));
    SP_CAP_CHUNGNHAN_CD(v_cd_ids(9));
    SP_CAP_CHUNGNHAN_CD(v_cd_ids(10));
    SP_CAP_CHUNGNHAN_CD(v_cd_ids(11));
    SP_CAP_CHUNGNHAN_CD(v_cd_ids(12));
    SP_CAP_CHUNGNHAN_CD(v_cd_ids(13));
    SP_CAP_CHUNGNHAN_CD(v_cd_ids(14));
    SP_CAP_CHUNGNHAN_CD(v_cd_ids(15));
    SP_CAP_CHUNGNHAN_CD(v_cd_ids(16));
    SP_CAP_CHUNGNHAN_CD(v_cd_ids(17));

    -- 9. QUYEN GOP & THANH TOAN
    INSERT INTO QuyenGopTien(MaTaiKhoan, MaChienDich, SoTien, PhuongThuc) VALUES (v_tk_tnv(1), v_cd_ids(1), 500000, 'ChuyenKhoan') RETURNING MaQuyenGop INTO v_tmp;
    INSERT INTO ThanhToan(MaQuyenGop, TrangThaiThanhToan) VALUES (v_tmp, 'ThanhCong');
    INSERT INTO TaiTro(MaDoiTac, MaChienDich, GiaTriTaiTro, NgayTaiTro) VALUES (v_dt_ids(1), v_cd_ids(1), 10000000, SYSDATE);
    INSERT INTO QuyenGopTien(MaTaiKhoan, MaChienDich, SoTien, PhuongThuc) VALUES (v_tk_tnv(1), v_cd_ids(2), 500000, 'ChuyenKhoan') RETURNING MaQuyenGop INTO v_tmp;
    INSERT INTO ThanhToan(MaQuyenGop, TrangThaiThanhToan) VALUES (v_tmp, 'ThanhCong');
    INSERT INTO TaiTro(MaDoiTac, MaChienDich, GiaTriTaiTro, NgayTaiTro) VALUES (v_dt_ids(1), v_cd_ids(2), 10000000, SYSDATE);
    INSERT INTO QuyenGopTien(MaTaiKhoan, MaChienDich, SoTien, PhuongThuc) VALUES (v_tk_tnv(1), v_cd_ids(3), 500000, 'ChuyenKhoan') RETURNING MaQuyenGop INTO v_tmp;
    INSERT INTO ThanhToan(MaQuyenGop, TrangThaiThanhToan) VALUES (v_tmp, 'ThanhCong');
    INSERT INTO TaiTro(MaDoiTac, MaChienDich, GiaTriTaiTro, NgayTaiTro) VALUES (v_dt_ids(1), v_cd_ids(3), 10000000, SYSDATE);
    INSERT INTO QuyenGopTien(MaTaiKhoan, MaChienDich, SoTien, PhuongThuc) VALUES (v_tk_tnv(1), v_cd_ids(4), 500000, 'ChuyenKhoan') RETURNING MaQuyenGop INTO v_tmp;
    INSERT INTO ThanhToan(MaQuyenGop, TrangThaiThanhToan) VALUES (v_tmp, 'ThanhCong');
    INSERT INTO TaiTro(MaDoiTac, MaChienDich, GiaTriTaiTro, NgayTaiTro) VALUES (v_dt_ids(1), v_cd_ids(4), 10000000, SYSDATE);
    INSERT INTO QuyenGopTien(MaTaiKhoan, MaChienDich, SoTien, PhuongThuc) VALUES (v_tk_tnv(1), v_cd_ids(5), 500000, 'ChuyenKhoan') RETURNING MaQuyenGop INTO v_tmp;
    INSERT INTO ThanhToan(MaQuyenGop, TrangThaiThanhToan) VALUES (v_tmp, 'ThanhCong');
    INSERT INTO TaiTro(MaDoiTac, MaChienDich, GiaTriTaiTro, NgayTaiTro) VALUES (v_dt_ids(1), v_cd_ids(5), 10000000, SYSDATE);

    -- 10. KHO VAT PHAM (Nhap Xuat)
    SP_NHAPKHO_VATPHAM(v_cd_ids(1), v_loai_ids(1), 100);
    SP_NHAPKHO_VATPHAM(v_cd_ids(1), v_loai_ids(2), 200);
    SP_XUATKHO_VATPHAM(v_cd_ids(1), v_loai_ids(1), 50, 'Sinh Vien A');
    SP_NHAPKHO_VATPHAM(v_cd_ids(2), v_loai_ids(1), 100);
    SP_NHAPKHO_VATPHAM(v_cd_ids(2), v_loai_ids(2), 200);
    SP_XUATKHO_VATPHAM(v_cd_ids(2), v_loai_ids(1), 50, 'Sinh Vien A');
    SP_NHAPKHO_VATPHAM(v_cd_ids(3), v_loai_ids(1), 100);
    SP_NHAPKHO_VATPHAM(v_cd_ids(3), v_loai_ids(2), 200);
    SP_XUATKHO_VATPHAM(v_cd_ids(3), v_loai_ids(1), 50, 'Sinh Vien A');

    -- Enable lai cac triggers nghiep vu
    EXECUTE IMMEDIATE 'ALTER TRIGGER TRG_KIEMTRA_THOIGIAN ENABLE';
    EXECUTE IMMEDIATE 'ALTER TRIGGER TRG_KIEMTRA_TRUNG_LICH ENABLE';
    EXECUTE IMMEDIATE 'ALTER TRIGGER TRG_KIEMTRA_SOLUONG_DANGKY ENABLE';
    DBMS_OUTPUT.PUT_LINE('>> Da enable lai triggers nghiep vu.');

    COMMIT;
    DBMS_OUTPUT.PUT_LINE('Tao Seed Data thanh cong voi 3 vai tro: BanQuanLy, BanDieuHanh, TinhNguyenVien!');
END;
/
